generated_at,ticker,target_date,data_cutoff,train_rows,model,last_close,last_direction,predicted_up_proba,predicted_updown,predicted_label,code_commit,worktree_dirty,is_dry_run
2026-09-28T12:26:07+07:00,KBANK.BK,2026-09-29,2026-09-28,2456,ANN (MLP),250.0,ลง,0.47974,0.0,ลง/นิ่ง,,,True
2026-09-28T12:26:07+07:00,ADVANC.BK,2026-09-29,2026-09-28,2456,ANN (MLP),348.0,ขึ้น,0.393883,0.0,ลง/นิ่ง,,,True
2026-09-29T00:28:22+07:00,KBANK.BK,2026-09-30,2026-09-25,2455,ANN (MLP),252.0,ขึ้น,0.340029,0.0,ลง/นิ่ง,,,True
2026-09-29T00:28:22+07:00,ADVANC.BK,2026-09-30,2026-09-25,2455,ANN (MLP),345.0,นิ่ง,0.344591,0.0,ลง/นิ่ง,,,True
2026-09-29T00:34:45+07:00,KBANK.BK,2026-09-30,2026-09-25,2455,ANN (MLP),252.0,ขึ้น,0.340029,0.0,ลง/นิ่ง,,,True
2026-09-29T00:34:45+07:00,ADVANC.BK,2026-09-30,2026-09-25,2455,ANN (MLP),345.0,นิ่ง,0.344591,0.0,ลง/นิ่ง,,,True
2026-09-29T00:57:13+07:00,KBANK.BK,2026-09-30,2026-09-25,2455,ANN (MLP),252.0,ขึ้น,0.340029,0.0,ลง/นิ่ง,,,True
2026-09-29T00:57:13+07:00,ADVANC.BK,2026-09-30,2026-09-25,2455,ANN (MLP),345.0,นิ่ง,0.344591,0.0,ลง/นิ่ง,,,True
2026-09-29T01:33:17+07:00,KBANK.BK,2026-09-30,2026-09-25,2455,ANN (MLP),252.0,ขึ้น,0.340029,0.0,ลง/นิ่ง,15298fa05a78ef2c889823308b23efa1c1c2b474,True,True
2026-09-29T01:33:17+07:00,ADVANC.BK,2026-09-30,2026-09-25,2455,ANN (MLP),345.0,นิ่ง,0.344591,0.0,ลง/นิ่ง,15298fa05a78ef2c889823308b23efa1c1c2b474,True,True
