generated_at,ticker,target_date,cutoff_hour_used,cutoff_price,train_rows,model,predicted_up_proba,predicted_up_to_close,predicted_label,code_commit,worktree_dirty,is_dry_run
2026-09-28T23:42:37+07:00,KBANK.BK,2026-09-28,15,252.0,719,ANN (MLP),0.092299,0.0,ลง/นิ่ง,,,True
2026-09-28T23:42:37+07:00,ADVANC.BK,2026-09-28,15,348.0,719,ANN (MLP),0.243789,0.0,ลง/นิ่ง,,,True
2026-09-28T23:54:43+07:00,KBANK.BK,2026-09-28,15,252.0,719,ANN (MLP),0.092299,0.0,ลง/นิ่ง,,,True
2026-09-28T23:54:43+07:00,ADVANC.BK,2026-09-28,15,348.0,719,ANN (MLP),0.243789,0.0,ลง/นิ่ง,,,True
2026-09-29T01:17:36+07:00,KBANK.BK,2026-09-28,15,252.0,720,ANN (MLP),0.15867,0.0,ลง/นิ่ง,,,True
2026-09-29T01:17:36+07:00,ADVANC.BK,2026-09-28,15,348.0,720,ANN (MLP),0.277833,0.0,ลง/นิ่ง,,,True
2026-09-29T01:22:06+07:00,KBANK.BK,2026-09-28,15,252.0,720,ANN (MLP),0.15867,0.0,ลง/นิ่ง,,,True
2026-09-29T01:22:06+07:00,ADVANC.BK,2026-09-28,15,348.0,720,ANN (MLP),0.277833,0.0,ลง/นิ่ง,,,True
2026-09-29T01:33:39+07:00,KBANK.BK,2026-09-28,15,252.0,720,ANN (MLP),0.15867,0.0,ลง/นิ่ง,15298fa05a78ef2c889823308b23efa1c1c2b474,True,True
2026-09-29T01:33:39+07:00,ADVANC.BK,2026-09-28,15,348.0,720,ANN (MLP),0.277833,0.0,ลง/นิ่ง,15298fa05a78ef2c889823308b23efa1c1c2b474,True,True
