time,open,high,low,close,volume,dt
1790045700,349.0,349.0,348.0,349.0,226900,2026-09-22 09:55:00+07:00
1790045760,348.0,349.0,348.0,349.0,79100,2026-09-22 09:56:00+07:00
1790045820,348.0,349.0,348.0,348.0,2900,2026-09-22 09:57:00+07:00
1790045880,349.0,349.0,348.0,349.0,300,2026-09-22 09:58:00+07:00
1790045940,348.0,349.0,348.0,349.0,13400,2026-09-22 09:59:00+07:00
1790046000,348.0,348.0,348.0,348.0,6400,2026-09-22 10:00:00+07:00
1790046060,348.0,349.0,348.0,348.0,106000,2026-09-22 10:01:00+07:00
1790046120,348.0,349.0,348.0,349.0,12300,2026-09-22 10:02:00+07:00
1790046180,348.0,349.0,348.0,349.0,7500,2026-09-22 10:03:00+07:00
1790046240,348.0,350.0,348.0,350.0,238400,2026-09-22 10:04:00+07:00
1790046300,350.0,350.0,349.0,350.0,16100,2026-09-22 10:05:00+07:00
1790046360,350.0,350.0,349.0,350.0,4000,2026-09-22 10:06:00+07:00
1790046420,350.0,350.0,349.0,350.0,5300,2026-09-22 10:07:00+07:00
1790046480,350.0,350.0,349.0,350.0,10300,2026-09-22 10:08:00+07:00
1790046540,349.0,350.0,349.0,349.0,81100,2026-09-22 10:09:00+07:00
1790046600,350.0,350.0,349.0,350.0,19700,2026-09-22 10:10:00+07:00
1790046660,350.0,350.0,350.0,350.0,5900,2026-09-22 10:11:00+07:00
1790046720,350.0,350.0,349.0,350.0,11200,2026-09-22 10:12:00+07:00
1790046780,350.0,350.0,349.0,350.0,3500,2026-09-22 10:13:00+07:00
1790046840,350.0,350.0,349.0,350.0,7000,2026-09-22 10:14:00+07:00
1790046900,349.0,350.0,349.0,350.0,6500,2026-09-22 10:15:00+07:00
1790046960,349.0,350.0,349.0,349.0,3400,2026-09-22 10:16:00+07:00
1790047020,350.0,351.0,349.0,351.0,603900,2026-09-22 10:17:00+07:00
1790047080,351.0,351.0,350.0,351.0,34000,2026-09-22 10:18:00+07:00
1790047140,350.0,351.0,350.0,351.0,18800,2026-09-22 10:19:00+07:00
1790047200,351.0,351.0,350.0,351.0,6500,2026-09-22 10:20:00+07:00
1790047260,351.0,351.0,350.0,351.0,11500,2026-09-22 10:21:00+07:00
1790047320,350.0,351.0,350.0,351.0,6100,2026-09-22 10:22:00+07:00
1790047380,350.0,351.0,350.0,351.0,3800,2026-09-22 10:23:00+07:00
1790047440,351.0,351.0,351.0,351.0,7100,2026-09-22 10:24:00+07:00
1790047500,351.0,351.0,351.0,351.0,31300,2026-09-22 10:25:00+07:00
1790047560,351.0,351.0,350.0,351.0,7700,2026-09-22 10:26:00+07:00
1790047620,351.0,351.0,351.0,351.0,2800,2026-09-22 10:27:00+07:00
1790047680,351.0,351.0,350.0,351.0,7900,2026-09-22 10:28:00+07:00
1790047740,351.0,351.0,351.0,351.0,3100,2026-09-22 10:29:00+07:00
1790047800,351.0,351.0,351.0,351.0,4200,2026-09-22 10:30:00+07:00
1790047860,351.0,351.0,350.0,351.0,4200,2026-09-22 10:31:00+07:00
1790047920,351.0,351.0,350.0,351.0,5500,2026-09-22 10:32:00+07:00
1790047980,351.0,351.0,350.0,351.0,4000,2026-09-22 10:33:00+07:00
1790048040,351.0,351.0,351.0,351.0,3000,2026-09-22 10:34:00+07:00
1790048100,350.0,351.0,350.0,351.0,8000,2026-09-22 10:35:00+07:00
1790048160,351.0,351.0,351.0,351.0,3200,2026-09-22 10:36:00+07:00
1790048220,350.0,351.0,350.0,351.0,31400,2026-09-22 10:37:00+07:00
1790048280,351.0,351.0,350.0,351.0,4200,2026-09-22 10:38:00+07:00
1790048340,351.0,351.0,350.0,351.0,6800,2026-09-22 10:39:00+07:00
1790048400,350.0,351.0,350.0,351.0,2700,2026-09-22 10:40:00+07:00
1790048460,351.0,351.0,350.0,351.0,4200,2026-09-22 10:41:00+07:00
1790048520,350.0,351.0,350.0,350.0,361500,2026-09-22 10:42:00+07:00
1790048580,350.0,350.0,349.0,349.0,600,2026-09-22 10:43:00+07:00
1790048640,350.0,350.0,349.0,350.0,12000,2026-09-22 10:44:00+07:00
1790048700,350.0,350.0,349.0,350.0,5400,2026-09-22 10:45:00+07:00
1790048760,349.0,350.0,349.0,350.0,15500,2026-09-22 10:46:00+07:00
1790048820,350.0,350.0,349.0,350.0,2300,2026-09-22 10:47:00+07:00
1790048880,350.0,350.0,349.0,349.0,7500,2026-09-22 10:48:00+07:00
1790048940,350.0,350.0,349.0,350.0,2000,2026-09-22 10:49:00+07:00
1790049000,349.0,350.0,349.0,349.0,9900,2026-09-22 10:50:00+07:00
1790049060,350.0,350.0,349.0,349.0,1700,2026-09-22 10:51:00+07:00
1790049120,350.0,350.0,349.0,350.0,12300,2026-09-22 10:52:00+07:00
1790049180,349.0,350.0,349.0,349.0,2000,2026-09-22 10:53:00+07:00
1790049240,350.0,350.0,349.0,350.0,2400,2026-09-22 10:54:00+07:00
1790049300,350.0,350.0,349.0,350.0,12200,2026-09-22 10:55:00+07:00
1790049360,350.0,350.0,349.0,349.0,1800,2026-09-22 10:56:00+07:00
1790049420,350.0,350.0,349.0,349.0,6200,2026-09-22 10:57:00+07:00
1790049480,350.0,350.0,349.0,349.0,2500,2026-09-22 10:58:00+07:00
1790049540,350.0,350.0,349.0,350.0,8500,2026-09-22 10:59:00+07:00
1790049600,349.0,350.0,349.0,349.0,8300,2026-09-22 11:00:00+07:00
1790049660,349.0,350.0,349.0,349.0,14300,2026-09-22 11:01:00+07:00
1790049720,350.0,350.0,349.0,350.0,2400,2026-09-22 11:02:00+07:00
1790049780,349.0,350.0,349.0,349.0,3400,2026-09-22 11:03:00+07:00
1790049840,350.0,350.0,349.0,350.0,4200,2026-09-22 11:04:00+07:00
1790049900,349.0,350.0,349.0,349.0,10100,2026-09-22 11:05:00+07:00
1790049960,350.0,350.0,349.0,350.0,6500,2026-09-22 11:06:00+07:00
1790050020,349.0,350.0,349.0,350.0,22400,2026-09-22 11:07:00+07:00
1790050080,350.0,350.0,349.0,350.0,2200,2026-09-22 11:08:00+07:00
1790050140,350.0,350.0,349.0,349.0,8200,2026-09-22 11:09:00+07:00
1790050200,350.0,350.0,349.0,350.0,4700,2026-09-22 11:10:00+07:00
1790050260,350.0,350.0,349.0,349.0,2500,2026-09-22 11:11:00+07:00
1790050320,350.0,350.0,349.0,350.0,3400,2026-09-22 11:12:00+07:00
1790050380,350.0,350.0,349.0,349.0,9900,2026-09-22 11:13:00+07:00
1790050440,350.0,350.0,349.0,350.0,3500,2026-09-22 11:14:00+07:00
1790050500,350.0,350.0,349.0,350.0,1800,2026-09-22 11:15:00+07:00
1790050560,350.0,350.0,349.0,350.0,2500,2026-09-22 11:16:00+07:00
1790050620,350.0,350.0,349.0,349.0,1500,2026-09-22 11:17:00+07:00
1790050680,350.0,350.0,349.0,350.0,35700,2026-09-22 11:18:00+07:00
1790050740,350.0,350.0,349.0,349.0,14000,2026-09-22 11:19:00+07:00
1790050800,350.0,350.0,349.0,350.0,1500,2026-09-22 11:20:00+07:00
1790050860,349.0,350.0,349.0,350.0,2400,2026-09-22 11:21:00+07:00
1790050920,349.0,350.0,349.0,350.0,2100,2026-09-22 11:22:00+07:00
1790050980,350.0,350.0,349.0,350.0,2500,2026-09-22 11:23:00+07:00
1790051040,350.0,350.0,349.0,350.0,2100,2026-09-22 11:24:00+07:00
1790051100,350.0,350.0,349.0,350.0,51200,2026-09-22 11:25:00+07:00
1790051160,350.0,350.0,349.0,349.0,800,2026-09-22 11:26:00+07:00
1790051220,350.0,350.0,349.0,349.0,7600,2026-09-22 11:27:00+07:00
1790051280,350.0,350.0,349.0,350.0,1300,2026-09-22 11:28:00+07:00
1790051340,350.0,350.0,349.0,350.0,2500,2026-09-22 11:29:00+07:00
1790051400,350.0,350.0,349.0,350.0,5300,2026-09-22 11:30:00+07:00
1790051460,350.0,350.0,349.0,350.0,1100,2026-09-22 11:31:00+07:00
1790051520,350.0,350.0,349.0,350.0,1600,2026-09-22 11:32:00+07:00
1790051580,350.0,350.0,349.0,350.0,1100,2026-09-22 11:33:00+07:00
1790051640,350.0,350.0,349.0,350.0,5300,2026-09-22 11:34:00+07:00
1790051700,349.0,350.0,349.0,349.0,1700,2026-09-22 11:35:00+07:00
1790051760,350.0,350.0,349.0,350.0,2800,2026-09-22 11:36:00+07:00
1790051820,350.0,350.0,349.0,350.0,18100,2026-09-22 11:37:00+07:00
1790051880,350.0,350.0,349.0,350.0,1400,2026-09-22 11:38:00+07:00
1790051940,350.0,350.0,349.0,350.0,22300,2026-09-22 11:39:00+07:00
1790052000,350.0,350.0,349.0,350.0,2100,2026-09-22 11:40:00+07:00
1790052060,349.0,350.0,349.0,350.0,1300,2026-09-22 11:41:00+07:00
1790052120,350.0,350.0,349.0,349.0,1200,2026-09-22 11:42:00+07:00
1790052180,349.0,350.0,349.0,349.0,1200,2026-09-22 11:43:00+07:00
1790052240,349.0,350.0,349.0,350.0,17200,2026-09-22 11:44:00+07:00
1790052300,350.0,350.0,349.0,350.0,7100,2026-09-22 11:45:00+07:00
1790052360,350.0,350.0,349.0,349.0,2300,2026-09-22 11:46:00+07:00
1790052420,350.0,350.0,349.0,349.0,2100,2026-09-22 11:47:00+07:00
1790052480,350.0,350.0,349.0,349.0,1000,2026-09-22 11:48:00+07:00
1790052540,350.0,350.0,349.0,350.0,2200,2026-09-22 11:49:00+07:00
1790052600,350.0,350.0,349.0,350.0,6600,2026-09-22 11:50:00+07:00
1790052660,350.0,350.0,349.0,350.0,2000,2026-09-22 11:51:00+07:00
1790052720,350.0,350.0,349.0,350.0,36400,2026-09-22 11:52:00+07:00
1790052780,349.0,350.0,349.0,350.0,3100,2026-09-22 11:53:00+07:00
1790052840,350.0,350.0,349.0,349.0,7400,2026-09-22 11:54:00+07:00
1790052900,349.0,350.0,349.0,350.0,8300,2026-09-22 11:55:00+07:00
1790052960,350.0,350.0,349.0,350.0,1100,2026-09-22 11:56:00+07:00
1790053020,350.0,350.0,349.0,350.0,3600,2026-09-22 11:57:00+07:00
1790053080,350.0,350.0,349.0,350.0,1500,2026-09-22 11:58:00+07:00
1790053140,349.0,350.0,349.0,350.0,2400,2026-09-22 11:59:00+07:00
1790053200,349.0,350.0,349.0,350.0,2600,2026-09-22 12:00:00+07:00
1790053260,350.0,350.0,349.0,349.0,2000,2026-09-22 12:01:00+07:00
1790053320,350.0,350.0,349.0,349.0,3300,2026-09-22 12:02:00+07:00
1790053380,350.0,350.0,349.0,349.0,3700,2026-09-22 12:03:00+07:00
1790053440,350.0,350.0,349.0,350.0,1800,2026-09-22 12:04:00+07:00
1790053500,350.0,350.0,349.0,349.0,19100,2026-09-22 12:05:00+07:00
1790053560,350.0,350.0,349.0,349.0,3700,2026-09-22 12:06:00+07:00
1790053620,349.0,350.0,349.0,350.0,70200,2026-09-22 12:07:00+07:00
1790053680,350.0,350.0,349.0,350.0,2000,2026-09-22 12:08:00+07:00
1790053740,350.0,350.0,349.0,349.0,2500,2026-09-22 12:09:00+07:00
1790053800,350.0,350.0,349.0,350.0,8000,2026-09-22 12:10:00+07:00
1790053860,350.0,350.0,349.0,350.0,8100,2026-09-22 12:11:00+07:00
1790053920,350.0,350.0,349.0,350.0,2500,2026-09-22 12:12:00+07:00
1790053980,350.0,350.0,349.0,350.0,2900,2026-09-22 12:13:00+07:00
1790054040,350.0,350.0,349.0,350.0,3100,2026-09-22 12:14:00+07:00
1790054100,349.0,350.0,349.0,350.0,1800,2026-09-22 12:15:00+07:00
1790054160,350.0,350.0,349.0,349.0,1200,2026-09-22 12:16:00+07:00
1790054220,350.0,350.0,349.0,350.0,900,2026-09-22 12:17:00+07:00
1790054280,349.0,350.0,349.0,350.0,800,2026-09-22 12:18:00+07:00
1790054340,349.0,350.0,349.0,350.0,2900,2026-09-22 12:19:00+07:00
1790054400,349.0,350.0,349.0,350.0,11800,2026-09-22 12:20:00+07:00
1790054460,350.0,350.0,349.0,350.0,6500,2026-09-22 12:21:00+07:00
1790054520,350.0,350.0,349.0,350.0,5200,2026-09-22 12:22:00+07:00
1790054580,350.0,350.0,349.0,350.0,1600,2026-09-22 12:23:00+07:00
1790054640,349.0,350.0,349.0,350.0,3200,2026-09-22 12:24:00+07:00
1790054700,349.0,350.0,349.0,349.0,6200,2026-09-22 12:25:00+07:00
1790054760,350.0,350.0,349.0,350.0,1700,2026-09-22 12:26:00+07:00
1790054820,350.0,350.0,350.0,350.0,17300,2026-09-22 12:27:00+07:00
1790054880,350.0,350.0,349.0,349.0,5900,2026-09-22 12:28:00+07:00
1790054940,350.0,350.0,349.0,349.0,3200,2026-09-22 12:29:00+07:00
1790060280,350.0,350.0,349.0,350.0,45700,2026-09-22 13:58:00+07:00
1790060340,350.0,350.0,349.0,349.0,3100,2026-09-22 13:59:00+07:00
1790060400,349.0,350.0,349.0,350.0,29100,2026-09-22 14:00:00+07:00
1790060460,350.0,350.0,349.0,350.0,14100,2026-09-22 14:01:00+07:00
1790060520,350.0,350.0,349.0,350.0,11700,2026-09-22 14:02:00+07:00
1790060580,349.0,350.0,349.0,350.0,4300,2026-09-22 14:03:00+07:00
1790060640,350.0,350.0,349.0,349.0,2100,2026-09-22 14:04:00+07:00
1790060700,349.0,350.0,349.0,349.0,3600,2026-09-22 14:05:00+07:00
1790060760,349.0,350.0,349.0,350.0,13800,2026-09-22 14:06:00+07:00
1790060820,349.0,350.0,349.0,350.0,1100,2026-09-22 14:07:00+07:00
1790060880,349.0,350.0,349.0,350.0,2500,2026-09-22 14:08:00+07:00
1790060940,349.0,350.0,349.0,350.0,16300,2026-09-22 14:09:00+07:00
1790061000,350.0,350.0,349.0,350.0,3600,2026-09-22 14:10:00+07:00
1790061060,350.0,350.0,349.0,350.0,700,2026-09-22 14:11:00+07:00
1790061120,350.0,350.0,349.0,350.0,500,2026-09-22 14:12:00+07:00
1790061180,350.0,350.0,349.0,349.0,800,2026-09-22 14:13:00+07:00
1790061240,349.0,350.0,349.0,350.0,2000,2026-09-22 14:14:00+07:00
1790061300,350.0,350.0,349.0,350.0,7300,2026-09-22 14:15:00+07:00
1790061360,349.0,350.0,349.0,350.0,30900,2026-09-22 14:16:00+07:00
1790061420,350.0,350.0,349.0,349.0,500,2026-09-22 14:17:00+07:00
1790061480,350.0,350.0,349.0,350.0,7600,2026-09-22 14:18:00+07:00
1790061540,350.0,350.0,349.0,349.0,900,2026-09-22 14:19:00+07:00
1790061600,350.0,350.0,349.0,349.0,1200,2026-09-22 14:20:00+07:00
1790061660,350.0,350.0,349.0,350.0,4500,2026-09-22 14:21:00+07:00
1790061720,350.0,350.0,349.0,349.0,500,2026-09-22 14:22:00+07:00
1790061780,350.0,350.0,349.0,350.0,1300,2026-09-22 14:23:00+07:00
1790061840,350.0,350.0,350.0,350.0,400,2026-09-22 14:24:00+07:00
1790061900,349.0,350.0,349.0,350.0,2100,2026-09-22 14:25:00+07:00
1790061960,350.0,350.0,349.0,350.0,4700,2026-09-22 14:26:00+07:00
1790062020,350.0,350.0,349.0,350.0,1600,2026-09-22 14:27:00+07:00
1790062080,349.0,350.0,349.0,350.0,2100,2026-09-22 14:28:00+07:00
1790062140,349.0,350.0,349.0,349.0,6400,2026-09-22 14:29:00+07:00
1790062200,349.0,350.0,349.0,350.0,1900,2026-09-22 14:30:00+07:00
1790062260,350.0,350.0,349.0,350.0,6500,2026-09-22 14:31:00+07:00
1790062320,350.0,350.0,349.0,350.0,1200,2026-09-22 14:32:00+07:00
1790062380,349.0,350.0,349.0,350.0,1200,2026-09-22 14:33:00+07:00
1790062440,349.0,350.0,349.0,350.0,1900,2026-09-22 14:34:00+07:00
1790062500,349.0,350.0,349.0,349.0,2400,2026-09-22 14:35:00+07:00
1790062560,349.0,350.0,349.0,349.0,8000,2026-09-22 14:36:00+07:00
1790062620,350.0,350.0,349.0,349.0,57900,2026-09-22 14:37:00+07:00
1790062680,349.0,349.0,349.0,349.0,1800,2026-09-22 14:38:00+07:00
1790062740,349.0,350.0,349.0,349.0,1700,2026-09-22 14:39:00+07:00
1790062800,349.0,350.0,349.0,349.0,5500,2026-09-22 14:40:00+07:00
1790062860,350.0,350.0,349.0,349.0,1300,2026-09-22 14:41:00+07:00
1790062920,349.0,350.0,349.0,349.0,600,2026-09-22 14:42:00+07:00
1790062980,350.0,350.0,349.0,349.0,11500,2026-09-22 14:43:00+07:00
1790063040,349.0,350.0,349.0,350.0,700,2026-09-22 14:44:00+07:00
1790063100,349.0,350.0,349.0,349.0,2300,2026-09-22 14:45:00+07:00
1790063160,350.0,350.0,349.0,350.0,2900,2026-09-22 14:46:00+07:00
1790063220,349.0,350.0,349.0,350.0,4500,2026-09-22 14:47:00+07:00
1790063280,349.0,350.0,349.0,350.0,3800,2026-09-22 14:48:00+07:00
1790063340,349.0,350.0,349.0,349.0,2200,2026-09-22 14:49:00+07:00
1790063400,349.0,350.0,349.0,350.0,9100,2026-09-22 14:50:00+07:00
1790063460,350.0,350.0,349.0,350.0,1400,2026-09-22 14:51:00+07:00
1790063520,349.0,350.0,349.0,350.0,5200,2026-09-22 14:52:00+07:00
1790063580,349.0,350.0,349.0,349.0,2400,2026-09-22 14:53:00+07:00
1790063640,350.0,350.0,349.0,350.0,2700,2026-09-22 14:54:00+07:00
1790063700,350.0,350.0,349.0,349.0,900,2026-09-22 14:55:00+07:00
1790063760,349.0,350.0,349.0,349.0,6000,2026-09-22 14:56:00+07:00
1790063820,349.0,350.0,349.0,349.0,600,2026-09-22 14:57:00+07:00
1790063880,350.0,350.0,349.0,349.0,1000,2026-09-22 14:58:00+07:00
1790063940,350.0,350.0,350.0,350.0,500,2026-09-22 14:59:00+07:00
1790064000,350.0,350.0,349.0,349.0,1800,2026-09-22 15:00:00+07:00
1790064060,350.0,350.0,349.0,349.0,2100,2026-09-22 15:01:00+07:00
1790064120,350.0,350.0,349.0,350.0,3500,2026-09-22 15:02:00+07:00
1790064180,350.0,350.0,349.0,350.0,7300,2026-09-22 15:03:00+07:00
1790064240,350.0,350.0,349.0,350.0,1500,2026-09-22 15:04:00+07:00
1790064300,350.0,350.0,349.0,349.0,1100,2026-09-22 15:05:00+07:00
1790064360,350.0,350.0,349.0,350.0,2400,2026-09-22 15:06:00+07:00
1790064420,350.0,350.0,349.0,350.0,4000,2026-09-22 15:07:00+07:00
1790064480,350.0,350.0,349.0,349.0,1600,2026-09-22 15:08:00+07:00
1790064540,350.0,350.0,349.0,350.0,1400,2026-09-22 15:09:00+07:00
1790064600,349.0,350.0,349.0,350.0,1600,2026-09-22 15:10:00+07:00
1790064660,350.0,350.0,349.0,350.0,2100,2026-09-22 15:11:00+07:00
1790064720,350.0,350.0,349.0,350.0,3000,2026-09-22 15:12:00+07:00
1790064780,350.0,350.0,349.0,350.0,1600,2026-09-22 15:13:00+07:00
1790064840,350.0,350.0,349.0,349.0,2200,2026-09-22 15:14:00+07:00
1790064900,350.0,350.0,349.0,350.0,800,2026-09-22 15:15:00+07:00
1790064960,350.0,350.0,349.0,349.0,12400,2026-09-22 15:16:00+07:00
1790065020,350.0,350.0,349.0,350.0,7300,2026-09-22 15:17:00+07:00
1790065080,350.0,350.0,349.0,350.0,1600,2026-09-22 15:18:00+07:00
1790065140,350.0,350.0,349.0,350.0,1700,2026-09-22 15:19:00+07:00
1790065200,349.0,350.0,349.0,350.0,700,2026-09-22 15:20:00+07:00
1790065260,350.0,350.0,349.0,350.0,3200,2026-09-22 15:21:00+07:00
1790065320,349.0,350.0,349.0,349.0,4800,2026-09-22 15:22:00+07:00
1790065380,350.0,350.0,349.0,350.0,1600,2026-09-22 15:23:00+07:00
1790065440,350.0,350.0,349.0,349.0,2200,2026-09-22 15:24:00+07:00
1790065500,349.0,350.0,349.0,349.0,500,2026-09-22 15:25:00+07:00
1790065560,350.0,350.0,350.0,350.0,1700,2026-09-22 15:26:00+07:00
1790065620,350.0,350.0,349.0,350.0,2600,2026-09-22 15:27:00+07:00
1790065680,350.0,350.0,349.0,349.0,2400,2026-09-22 15:28:00+07:00
1790065740,350.0,350.0,350.0,350.0,900,2026-09-22 15:29:00+07:00
1790065800,350.0,350.0,349.0,349.0,3500,2026-09-22 15:30:00+07:00
1790065860,350.0,350.0,349.0,349.0,3000,2026-09-22 15:31:00+07:00
1790065920,349.0,350.0,349.0,349.0,1700,2026-09-22 15:32:00+07:00
1790065980,349.0,350.0,349.0,349.0,2300,2026-09-22 15:33:00+07:00
1790066040,349.0,350.0,349.0,349.0,1900,2026-09-22 15:34:00+07:00
1790066100,349.0,350.0,349.0,349.0,1300,2026-09-22 15:35:00+07:00
1790066160,349.0,350.0,349.0,350.0,3100,2026-09-22 15:36:00+07:00
1790066220,350.0,350.0,349.0,350.0,2200,2026-09-22 15:37:00+07:00
1790066280,349.0,350.0,349.0,350.0,1700,2026-09-22 15:38:00+07:00
1790066340,349.0,350.0,349.0,349.0,23200,2026-09-22 15:39:00+07:00
1790066400,349.0,350.0,349.0,349.0,2300,2026-09-22 15:40:00+07:00
1790066460,349.0,350.0,349.0,350.0,7700,2026-09-22 15:41:00+07:00
1790066520,349.0,350.0,349.0,349.0,4300,2026-09-22 15:42:00+07:00
1790066580,349.0,350.0,349.0,349.0,4300,2026-09-22 15:43:00+07:00
1790066640,349.0,350.0,349.0,349.0,9500,2026-09-22 15:44:00+07:00
1790066700,349.0,350.0,349.0,349.0,62200,2026-09-22 15:45:00+07:00
1790066760,350.0,350.0,349.0,349.0,2600,2026-09-22 15:46:00+07:00
1790066820,349.0,350.0,349.0,350.0,15000,2026-09-22 15:47:00+07:00
1790066880,350.0,350.0,349.0,350.0,3400,2026-09-22 15:48:00+07:00
1790066940,350.0,350.0,349.0,349.0,256900,2026-09-22 15:49:00+07:00
1790067000,350.0,350.0,349.0,349.0,5400,2026-09-22 15:50:00+07:00
1790067060,350.0,350.0,349.0,350.0,9300,2026-09-22 15:51:00+07:00
1790067120,349.0,350.0,349.0,349.0,14300,2026-09-22 15:52:00+07:00
1790067180,349.0,350.0,349.0,350.0,16000,2026-09-22 15:53:00+07:00
1790067240,350.0,350.0,349.0,350.0,5200,2026-09-22 15:54:00+07:00
1790067300,350.0,350.0,349.0,350.0,22600,2026-09-22 15:55:00+07:00
1790067360,350.0,350.0,349.0,350.0,2900,2026-09-22 15:56:00+07:00
1790067420,350.0,350.0,350.0,350.0,452000,2026-09-22 15:57:00+07:00
1790067480,350.0,351.0,350.0,351.0,2200,2026-09-22 15:58:00+07:00
1790067540,351.0,351.0,350.0,351.0,1600,2026-09-22 15:59:00+07:00
1790067600,351.0,351.0,350.0,351.0,7000,2026-09-22 16:00:00+07:00
1790067660,351.0,351.0,350.0,351.0,3500,2026-09-22 16:01:00+07:00
1790067720,350.0,351.0,350.0,351.0,7700,2026-09-22 16:02:00+07:00
1790067780,350.0,351.0,350.0,350.0,3200,2026-09-22 16:03:00+07:00
1790067840,351.0,351.0,350.0,351.0,5300,2026-09-22 16:04:00+07:00
1790067900,350.0,351.0,350.0,351.0,3000,2026-09-22 16:05:00+07:00
1790067960,351.0,351.0,350.0,350.0,9600,2026-09-22 16:06:00+07:00
1790068020,351.0,351.0,350.0,350.0,3200,2026-09-22 16:07:00+07:00
1790068080,351.0,351.0,350.0,351.0,4300,2026-09-22 16:08:00+07:00
1790068140,351.0,351.0,350.0,351.0,2800,2026-09-22 16:09:00+07:00
1790068200,351.0,351.0,350.0,350.0,4400,2026-09-22 16:10:00+07:00
1790068260,350.0,351.0,350.0,351.0,1900,2026-09-22 16:11:00+07:00
1790068320,351.0,351.0,350.0,351.0,2800,2026-09-22 16:12:00+07:00
1790068380,351.0,351.0,350.0,351.0,3000,2026-09-22 16:13:00+07:00
1790068440,351.0,351.0,350.0,350.0,3100,2026-09-22 16:14:00+07:00
1790068500,351.0,351.0,350.0,350.0,8200,2026-09-22 16:15:00+07:00
1790068560,350.0,351.0,350.0,351.0,3000,2026-09-22 16:16:00+07:00
1790068620,351.0,351.0,350.0,351.0,3000,2026-09-22 16:17:00+07:00
1790068680,351.0,351.0,350.0,351.0,2700,2026-09-22 16:18:00+07:00
1790068740,351.0,351.0,350.0,351.0,7900,2026-09-22 16:19:00+07:00
1790068800,351.0,351.0,350.0,351.0,9200,2026-09-22 16:20:00+07:00
1790068860,351.0,351.0,350.0,351.0,4300,2026-09-22 16:21:00+07:00
1790068920,350.0,351.0,350.0,351.0,10000,2026-09-22 16:22:00+07:00
1790068980,351.0,351.0,350.0,351.0,5600,2026-09-22 16:23:00+07:00
1790069040,351.0,351.0,350.0,351.0,7800,2026-09-22 16:24:00+07:00
1790069100,351.0,351.0,350.0,351.0,5800,2026-09-22 16:25:00+07:00
1790069160,351.0,351.0,350.0,351.0,8400,2026-09-22 16:26:00+07:00
1790069220,351.0,351.0,350.0,351.0,6700,2026-09-22 16:27:00+07:00
1790069280,350.0,351.0,350.0,350.0,66700,2026-09-22 16:28:00+07:00
1790069340,350.0,351.0,350.0,351.0,131400,2026-09-22 16:29:00+07:00
1790069820,351.0,351.0,351.0,351.0,620300,2026-09-22 16:37:00+07:00
1790132100,350.0,351.0,349.0,349.0,222400,2026-09-23 09:55:00+07:00
1790132160,349.0,349.0,349.0,349.0,19100,2026-09-23 09:56:00+07:00
1790132220,349.0,349.0,349.0,349.0,700,2026-09-23 09:57:00+07:00
1790132280,349.0,349.0,348.0,349.0,2700,2026-09-23 09:58:00+07:00
1790132340,349.0,349.0,349.0,349.0,7500,2026-09-23 09:59:00+07:00
1790132400,349.0,349.0,349.0,349.0,10000,2026-09-23 10:00:00+07:00
1790132460,349.0,349.0,349.0,349.0,5500,2026-09-23 10:01:00+07:00
1790132520,349.0,349.0,347.0,348.0,167800,2026-09-23 10:02:00+07:00
1790132580,347.0,348.0,347.0,348.0,35900,2026-09-23 10:03:00+07:00
1790132640,348.0,348.0,347.0,348.0,4600,2026-09-23 10:04:00+07:00
1790132700,347.0,348.0,347.0,348.0,3900,2026-09-23 10:05:00+07:00
1790132760,348.0,348.0,348.0,348.0,2900,2026-09-23 10:06:00+07:00
1790132820,348.0,348.0,348.0,348.0,7200,2026-09-23 10:07:00+07:00
1790132880,348.0,348.0,348.0,348.0,3500,2026-09-23 10:08:00+07:00
1790132940,348.0,348.0,347.0,348.0,3100,2026-09-23 10:09:00+07:00
1790133000,348.0,348.0,348.0,348.0,2900,2026-09-23 10:10:00+07:00
1790133060,348.0,348.0,347.0,348.0,6700,2026-09-23 10:11:00+07:00
1790133120,348.0,348.0,347.0,348.0,1900,2026-09-23 10:12:00+07:00
1790133180,348.0,348.0,348.0,348.0,2100,2026-09-23 10:13:00+07:00
1790133240,348.0,348.0,348.0,348.0,3200,2026-09-23 10:14:00+07:00
1790133300,348.0,348.0,347.0,348.0,23700,2026-09-23 10:15:00+07:00
1790133360,348.0,348.0,347.0,348.0,7900,2026-09-23 10:16:00+07:00
1790133420,348.0,348.0,346.0,346.0,165400,2026-09-23 10:17:00+07:00
1790133480,346.0,347.0,346.0,347.0,24100,2026-09-23 10:18:00+07:00
1790133540,346.0,347.0,346.0,347.0,12100,2026-09-23 10:19:00+07:00
1790133600,347.0,347.0,346.0,347.0,14000,2026-09-23 10:20:00+07:00
1790133660,347.0,347.0,346.0,346.0,5700,2026-09-23 10:21:00+07:00
1790133720,347.0,347.0,346.0,347.0,2000,2026-09-23 10:22:00+07:00
1790133780,347.0,347.0,346.0,347.0,2300,2026-09-23 10:23:00+07:00
1790133840,347.0,347.0,346.0,347.0,3800,2026-09-23 10:24:00+07:00
1790133900,347.0,347.0,346.0,347.0,2700,2026-09-23 10:25:00+07:00
1790133960,346.0,347.0,346.0,347.0,1700,2026-09-23 10:26:00+07:00
1790134020,347.0,347.0,346.0,347.0,1900,2026-09-23 10:27:00+07:00
1790134080,347.0,347.0,346.0,347.0,2000,2026-09-23 10:28:00+07:00
1790134140,347.0,347.0,346.0,347.0,1900,2026-09-23 10:29:00+07:00
1790134200,347.0,347.0,346.0,346.0,35100,2026-09-23 10:30:00+07:00
1790134260,347.0,347.0,346.0,347.0,10100,2026-09-23 10:31:00+07:00
1790134320,347.0,347.0,346.0,347.0,5500,2026-09-23 10:32:00+07:00
1790134380,347.0,347.0,346.0,347.0,2800,2026-09-23 10:33:00+07:00
1790134440,347.0,347.0,346.0,346.0,4100,2026-09-23 10:34:00+07:00
1790134500,347.0,347.0,346.0,347.0,9600,2026-09-23 10:35:00+07:00
1790134560,346.0,347.0,346.0,346.0,6600,2026-09-23 10:36:00+07:00
1790134620,346.0,347.0,346.0,347.0,1700,2026-09-23 10:37:00+07:00
1790134680,347.0,347.0,345.0,345.0,296500,2026-09-23 10:38:00+07:00
1790134740,345.0,346.0,345.0,346.0,123000,2026-09-23 10:39:00+07:00
1790134800,345.0,346.0,345.0,346.0,2800,2026-09-23 10:40:00+07:00
1790134860,346.0,346.0,345.0,346.0,1500,2026-09-23 10:41:00+07:00
1790134920,346.0,346.0,345.0,346.0,2200,2026-09-23 10:42:00+07:00
1790134980,346.0,346.0,345.0,345.0,9600,2026-09-23 10:43:00+07:00
1790135040,346.0,346.0,345.0,346.0,10900,2026-09-23 10:44:00+07:00
1790135100,346.0,346.0,345.0,346.0,3400,2026-09-23 10:45:00+07:00
1790135160,346.0,346.0,346.0,346.0,3400,2026-09-23 10:46:00+07:00
1790135220,346.0,346.0,345.0,346.0,2500,2026-09-23 10:47:00+07:00
1790135280,346.0,346.0,345.0,345.0,2500,2026-09-23 10:48:00+07:00
1790135340,346.0,346.0,346.0,346.0,1300,2026-09-23 10:49:00+07:00
1790135400,346.0,346.0,346.0,346.0,2700,2026-09-23 10:50:00+07:00
1790135460,345.0,346.0,345.0,346.0,1300,2026-09-23 10:51:00+07:00
1790135520,345.0,346.0,345.0,346.0,3300,2026-09-23 10:52:00+07:00
1790135580,346.0,346.0,345.0,345.0,2000,2026-09-23 10:53:00+07:00
1790135640,345.0,346.0,345.0,345.0,10400,2026-09-23 10:54:00+07:00
1790135700,346.0,346.0,345.0,346.0,2000,2026-09-23 10:55:00+07:00
1790135760,346.0,346.0,345.0,346.0,2800,2026-09-23 10:56:00+07:00
1790135820,346.0,346.0,345.0,346.0,3500,2026-09-23 10:57:00+07:00
1790135880,345.0,347.0,345.0,347.0,338300,2026-09-23 10:58:00+07:00
1790135940,347.0,347.0,346.0,347.0,17900,2026-09-23 10:59:00+07:00
1790136000,347.0,347.0,347.0,347.0,12000,2026-09-23 11:00:00+07:00
1790136060,347.0,347.0,347.0,347.0,5900,2026-09-23 11:01:00+07:00
1790136120,347.0,347.0,347.0,347.0,1600,2026-09-23 11:02:00+07:00
1790136180,347.0,347.0,347.0,347.0,1400,2026-09-23 11:03:00+07:00
1790136240,347.0,347.0,347.0,347.0,13700,2026-09-23 11:04:00+07:00
1790136300,347.0,347.0,347.0,347.0,3700,2026-09-23 11:05:00+07:00
1790136360,347.0,347.0,347.0,347.0,5000,2026-09-23 11:06:00+07:00
1790136420,347.0,348.0,347.0,348.0,109100,2026-09-23 11:07:00+07:00
1790136480,348.0,348.0,348.0,348.0,1100,2026-09-23 11:08:00+07:00
1790136540,348.0,348.0,348.0,348.0,1700,2026-09-23 11:09:00+07:00
1790136600,348.0,348.0,347.0,348.0,7000,2026-09-23 11:10:00+07:00
1790136660,348.0,348.0,348.0,348.0,800,2026-09-23 11:11:00+07:00
1790136720,348.0,348.0,347.0,347.0,1500,2026-09-23 11:12:00+07:00
1790136780,348.0,348.0,348.0,348.0,3300,2026-09-23 11:13:00+07:00
1790136840,348.0,348.0,348.0,348.0,1400,2026-09-23 11:14:00+07:00
1790136900,348.0,348.0,347.0,348.0,1700,2026-09-23 11:15:00+07:00
1790136960,348.0,348.0,347.0,348.0,12100,2026-09-23 11:16:00+07:00
1790137020,348.0,348.0,347.0,348.0,4500,2026-09-23 11:17:00+07:00
1790137080,348.0,348.0,347.0,348.0,77600,2026-09-23 11:18:00+07:00
1790137140,348.0,349.0,348.0,349.0,45400,2026-09-23 11:19:00+07:00
1790137200,348.0,348.0,348.0,348.0,65500,2026-09-23 11:20:00+07:00
1790137380,349.0,349.0,348.0,348.0,16700,2026-09-23 11:23:00+07:00
1790137440,349.0,349.0,349.0,349.0,400,2026-09-23 11:24:00+07:00
1790137500,349.0,349.0,349.0,349.0,600,2026-09-23 11:25:00+07:00
1790137560,349.0,349.0,348.0,348.0,800,2026-09-23 11:26:00+07:00
1790137620,349.0,349.0,349.0,349.0,500,2026-09-23 11:27:00+07:00
1790137680,349.0,349.0,348.0,348.0,500,2026-09-23 11:28:00+07:00
1790137740,348.0,349.0,348.0,348.0,26500,2026-09-23 11:29:00+07:00
1790137800,349.0,349.0,348.0,348.0,7600,2026-09-23 11:30:00+07:00
1790137860,348.0,348.0,348.0,348.0,65800,2026-09-23 11:31:00+07:00
1790137920,348.0,348.0,348.0,348.0,500,2026-09-23 11:32:00+07:00
1790137980,348.0,348.0,348.0,348.0,500,2026-09-23 11:33:00+07:00
1790138040,348.0,348.0,348.0,348.0,1100,2026-09-23 11:34:00+07:00
1790138100,348.0,348.0,348.0,348.0,1200,2026-09-23 11:35:00+07:00
1790138160,348.0,348.0,348.0,348.0,5500,2026-09-23 11:36:00+07:00
1790138280,348.0,348.0,348.0,348.0,600,2026-09-23 11:38:00+07:00
1790138340,348.0,348.0,348.0,348.0,1100,2026-09-23 11:39:00+07:00
1790138400,348.0,348.0,348.0,348.0,2000,2026-09-23 11:40:00+07:00
1790138460,348.0,348.0,348.0,348.0,600,2026-09-23 11:41:00+07:00
1790138520,348.0,348.0,348.0,348.0,1900,2026-09-23 11:42:00+07:00
1790138580,348.0,348.0,348.0,348.0,1500,2026-09-23 11:43:00+07:00
1790138640,348.0,348.0,348.0,348.0,6900,2026-09-23 11:44:00+07:00
1790138700,348.0,348.0,347.0,348.0,113400,2026-09-23 11:45:00+07:00
1790138760,348.0,348.0,348.0,348.0,4800,2026-09-23 11:46:00+07:00
1790138820,348.0,348.0,348.0,348.0,1300,2026-09-23 11:47:00+07:00
1790138880,348.0,348.0,348.0,348.0,200,2026-09-23 11:48:00+07:00
1790138940,348.0,348.0,348.0,348.0,300,2026-09-23 11:49:00+07:00
1790139000,348.0,348.0,348.0,348.0,1100,2026-09-23 11:50:00+07:00
1790139060,348.0,348.0,348.0,348.0,1000,2026-09-23 11:51:00+07:00
1790139120,348.0,348.0,348.0,348.0,1000,2026-09-23 11:52:00+07:00
1790139180,348.0,348.0,348.0,348.0,700,2026-09-23 11:53:00+07:00
1790139240,348.0,348.0,348.0,348.0,700,2026-09-23 11:54:00+07:00
1790139300,348.0,348.0,348.0,348.0,1300,2026-09-23 11:55:00+07:00
1790139360,348.0,348.0,348.0,348.0,1900,2026-09-23 11:56:00+07:00
1790139420,348.0,348.0,348.0,348.0,600,2026-09-23 11:57:00+07:00
1790139480,348.0,348.0,348.0,348.0,400,2026-09-23 11:58:00+07:00
1790139540,348.0,348.0,348.0,348.0,2500,2026-09-23 11:59:00+07:00
1790139600,348.0,348.0,348.0,348.0,800,2026-09-23 12:00:00+07:00
1790139660,347.0,348.0,347.0,348.0,4400,2026-09-23 12:01:00+07:00
1790139720,348.0,348.0,348.0,348.0,400,2026-09-23 12:02:00+07:00
1790139780,348.0,348.0,348.0,348.0,1500,2026-09-23 12:03:00+07:00
1790139840,348.0,348.0,348.0,348.0,1700,2026-09-23 12:04:00+07:00
1790139900,348.0,348.0,348.0,348.0,300,2026-09-23 12:05:00+07:00
1790139960,348.0,348.0,348.0,348.0,13300,2026-09-23 12:06:00+07:00
1790140020,348.0,348.0,348.0,348.0,100,2026-09-23 12:07:00+07:00
1790140080,348.0,348.0,348.0,348.0,200,2026-09-23 12:08:00+07:00
1790140140,348.0,348.0,348.0,348.0,300,2026-09-23 12:09:00+07:00
1790140200,348.0,348.0,347.0,347.0,2200,2026-09-23 12:10:00+07:00
1790140260,348.0,348.0,347.0,347.0,1200,2026-09-23 12:11:00+07:00
1790140320,348.0,348.0,347.0,348.0,1800,2026-09-23 12:12:00+07:00
1790140380,348.0,348.0,347.0,348.0,3800,2026-09-23 12:13:00+07:00
1790140440,348.0,348.0,347.0,348.0,1500,2026-09-23 12:14:00+07:00
1790140500,347.0,347.0,347.0,347.0,800,2026-09-23 12:15:00+07:00
1790140560,347.0,348.0,347.0,348.0,1200,2026-09-23 12:16:00+07:00
1790140620,348.0,348.0,348.0,348.0,1200,2026-09-23 12:17:00+07:00
1790140680,348.0,349.0,348.0,349.0,116000,2026-09-23 12:18:00+07:00
1790140740,349.0,349.0,349.0,349.0,600,2026-09-23 12:19:00+07:00
1790140800,349.0,349.0,349.0,349.0,500,2026-09-23 12:20:00+07:00
1790140860,349.0,349.0,349.0,349.0,500,2026-09-23 12:21:00+07:00
1790140920,349.0,349.0,349.0,349.0,10200,2026-09-23 12:22:00+07:00
1790140980,349.0,349.0,348.0,349.0,3300,2026-09-23 12:23:00+07:00
1790141040,349.0,349.0,349.0,349.0,900,2026-09-23 12:24:00+07:00
1790141100,349.0,349.0,348.0,349.0,500,2026-09-23 12:25:00+07:00
1790141160,349.0,349.0,349.0,349.0,7100,2026-09-23 12:26:00+07:00
1790141220,349.0,349.0,349.0,349.0,600,2026-09-23 12:27:00+07:00
1790141280,348.0,349.0,348.0,349.0,1200,2026-09-23 12:28:00+07:00
1790141340,349.0,349.0,348.0,349.0,2900,2026-09-23 12:29:00+07:00
1790146560,348.0,349.0,348.0,348.0,39000,2026-09-23 13:56:00+07:00
1790146620,349.0,349.0,349.0,349.0,500,2026-09-23 13:57:00+07:00
1790146680,349.0,349.0,349.0,349.0,400,2026-09-23 13:58:00+07:00
1790146740,349.0,349.0,348.0,348.0,500,2026-09-23 13:59:00+07:00
1790146800,348.0,348.0,347.0,348.0,207400,2026-09-23 14:00:00+07:00
1790146860,348.0,348.0,347.0,347.0,1100,2026-09-23 14:01:00+07:00
1790146920,348.0,348.0,348.0,348.0,800,2026-09-23 14:02:00+07:00
1790146980,348.0,348.0,348.0,348.0,800,2026-09-23 14:03:00+07:00
1790147040,348.0,348.0,347.0,348.0,1700,2026-09-23 14:04:00+07:00
1790147100,348.0,348.0,348.0,348.0,4800,2026-09-23 14:05:00+07:00
1790147160,348.0,348.0,348.0,348.0,400,2026-09-23 14:06:00+07:00
1790147220,348.0,348.0,348.0,348.0,200,2026-09-23 14:07:00+07:00
1790147280,348.0,348.0,348.0,348.0,300,2026-09-23 14:08:00+07:00
1790147340,347.0,348.0,347.0,348.0,500,2026-09-23 14:09:00+07:00
1790147400,348.0,348.0,348.0,348.0,200,2026-09-23 14:10:00+07:00
1790147460,348.0,348.0,348.0,348.0,600,2026-09-23 14:11:00+07:00
1790147520,348.0,348.0,348.0,348.0,200,2026-09-23 14:12:00+07:00
1790147580,347.0,347.0,347.0,347.0,100,2026-09-23 14:13:00+07:00
1790147640,348.0,348.0,348.0,348.0,700,2026-09-23 14:14:00+07:00
1790147700,348.0,348.0,348.0,348.0,200,2026-09-23 14:15:00+07:00
1790147760,348.0,348.0,348.0,348.0,1200,2026-09-23 14:16:00+07:00
1790147820,347.0,348.0,347.0,348.0,4200,2026-09-23 14:17:00+07:00
1790147940,348.0,348.0,348.0,348.0,300,2026-09-23 14:19:00+07:00
1790148000,347.0,347.0,347.0,347.0,4100,2026-09-23 14:20:00+07:00
1790148060,347.0,348.0,347.0,348.0,3100,2026-09-23 14:21:00+07:00
1790148120,348.0,348.0,348.0,348.0,1200,2026-09-23 14:22:00+07:00
1790148180,348.0,348.0,347.0,348.0,800,2026-09-23 14:23:00+07:00
1790148240,348.0,348.0,348.0,348.0,200,2026-09-23 14:24:00+07:00
1790148300,347.0,348.0,347.0,348.0,500,2026-09-23 14:25:00+07:00
1790148360,347.0,347.0,347.0,347.0,1500,2026-09-23 14:26:00+07:00
1790148420,347.0,348.0,347.0,347.0,11700,2026-09-23 14:27:00+07:00
1790148480,348.0,348.0,348.0,348.0,2200,2026-09-23 14:28:00+07:00
1790148540,348.0,348.0,347.0,347.0,300,2026-09-23 14:29:00+07:00
1790148600,348.0,348.0,348.0,348.0,200,2026-09-23 14:30:00+07:00
1790148660,348.0,348.0,348.0,348.0,300,2026-09-23 14:31:00+07:00
1790148720,348.0,348.0,348.0,348.0,400,2026-09-23 14:32:00+07:00
1790148780,348.0,348.0,348.0,348.0,300,2026-09-23 14:33:00+07:00
1790148840,348.0,348.0,348.0,348.0,2600,2026-09-23 14:34:00+07:00
1790148900,348.0,348.0,348.0,348.0,2400,2026-09-23 14:35:00+07:00
1790148960,348.0,348.0,348.0,348.0,1400,2026-09-23 14:36:00+07:00
1790149020,348.0,348.0,348.0,348.0,500,2026-09-23 14:37:00+07:00
1790149080,348.0,348.0,347.0,347.0,700,2026-09-23 14:38:00+07:00
1790149140,348.0,348.0,347.0,347.0,7000,2026-09-23 14:39:00+07:00
1790149200,348.0,348.0,348.0,348.0,200,2026-09-23 14:40:00+07:00
1790149260,348.0,348.0,348.0,348.0,5600,2026-09-23 14:41:00+07:00
1790149320,348.0,348.0,348.0,348.0,400,2026-09-23 14:42:00+07:00
1790149380,348.0,348.0,348.0,348.0,100,2026-09-23 14:43:00+07:00
1790149440,348.0,348.0,347.0,347.0,2600,2026-09-23 14:44:00+07:00
1790149500,348.0,348.0,348.0,348.0,200,2026-09-23 14:45:00+07:00
1790149560,348.0,348.0,348.0,348.0,1600,2026-09-23 14:46:00+07:00
1790149620,348.0,348.0,348.0,348.0,300,2026-09-23 14:47:00+07:00
1790149680,348.0,348.0,347.0,348.0,2000,2026-09-23 14:48:00+07:00
1790149740,348.0,348.0,347.0,348.0,800,2026-09-23 14:49:00+07:00
1790149800,348.0,348.0,348.0,348.0,400,2026-09-23 14:50:00+07:00
1790149860,348.0,348.0,348.0,348.0,200,2026-09-23 14:51:00+07:00
1790149920,348.0,348.0,348.0,348.0,1700,2026-09-23 14:52:00+07:00
1790149980,348.0,348.0,348.0,348.0,400,2026-09-23 14:53:00+07:00
1790150040,347.0,348.0,347.0,348.0,1000,2026-09-23 14:54:00+07:00
1790150100,348.0,348.0,348.0,348.0,400,2026-09-23 14:55:00+07:00
1790150160,348.0,348.0,347.0,347.0,1300,2026-09-23 14:56:00+07:00
1790150280,348.0,348.0,348.0,348.0,200,2026-09-23 14:58:00+07:00
1790150340,348.0,348.0,348.0,348.0,1700,2026-09-23 14:59:00+07:00
1790150400,348.0,348.0,347.0,348.0,9600,2026-09-23 15:00:00+07:00
1790150460,348.0,348.0,348.0,348.0,500,2026-09-23 15:01:00+07:00
1790150520,348.0,348.0,348.0,348.0,1500,2026-09-23 15:02:00+07:00
1790150580,348.0,348.0,347.0,347.0,7600,2026-09-23 15:03:00+07:00
1790150640,348.0,348.0,347.0,348.0,900,2026-09-23 15:04:00+07:00
1790150700,348.0,348.0,348.0,348.0,600,2026-09-23 15:05:00+07:00
1790150760,348.0,348.0,348.0,348.0,200,2026-09-23 15:06:00+07:00
1790150820,348.0,348.0,347.0,348.0,2500,2026-09-23 15:07:00+07:00
1790150880,348.0,348.0,348.0,348.0,300,2026-09-23 15:08:00+07:00
1790150940,348.0,348.0,347.0,348.0,2300,2026-09-23 15:09:00+07:00
1790151000,348.0,348.0,348.0,348.0,5400,2026-09-23 15:10:00+07:00
1790151060,348.0,348.0,348.0,348.0,700,2026-09-23 15:11:00+07:00
1790151120,348.0,348.0,348.0,348.0,300,2026-09-23 15:12:00+07:00
1790151180,347.0,348.0,347.0,348.0,1100,2026-09-23 15:13:00+07:00
1790151240,348.0,348.0,348.0,348.0,200,2026-09-23 15:14:00+07:00
1790151300,348.0,348.0,348.0,348.0,12300,2026-09-23 15:15:00+07:00
1790151360,348.0,348.0,348.0,348.0,1800,2026-09-23 15:16:00+07:00
1790151420,348.0,348.0,348.0,348.0,100,2026-09-23 15:17:00+07:00
1790151480,348.0,348.0,347.0,348.0,400,2026-09-23 15:18:00+07:00
1790151540,348.0,348.0,348.0,348.0,300,2026-09-23 15:19:00+07:00
1790151600,348.0,348.0,348.0,348.0,2100,2026-09-23 15:20:00+07:00
1790151660,348.0,348.0,348.0,348.0,700,2026-09-23 15:21:00+07:00
1790151720,348.0,348.0,348.0,348.0,500,2026-09-23 15:22:00+07:00
1790151780,348.0,348.0,348.0,348.0,4800,2026-09-23 15:23:00+07:00
1790151840,348.0,348.0,347.0,348.0,1800,2026-09-23 15:24:00+07:00
1790151900,348.0,348.0,348.0,348.0,500,2026-09-23 15:25:00+07:00
1790151960,348.0,348.0,347.0,348.0,500,2026-09-23 15:26:00+07:00
1790152020,348.0,348.0,347.0,348.0,1700,2026-09-23 15:27:00+07:00
1790152080,348.0,348.0,348.0,348.0,400,2026-09-23 15:28:00+07:00
1790152140,347.0,348.0,347.0,348.0,3900,2026-09-23 15:29:00+07:00
1790152200,348.0,348.0,348.0,348.0,900,2026-09-23 15:30:00+07:00
1790152260,348.0,348.0,347.0,347.0,2300,2026-09-23 15:31:00+07:00
1790152320,348.0,348.0,347.0,348.0,1800,2026-09-23 15:32:00+07:00
1790152380,348.0,348.0,348.0,348.0,1500,2026-09-23 15:33:00+07:00
1790152440,348.0,348.0,348.0,348.0,1200,2026-09-23 15:34:00+07:00
1790152500,348.0,348.0,348.0,348.0,4200,2026-09-23 15:35:00+07:00
1790152560,348.0,348.0,347.0,348.0,700,2026-09-23 15:36:00+07:00
1790152620,348.0,348.0,347.0,347.0,1000,2026-09-23 15:37:00+07:00
1790152680,348.0,348.0,348.0,348.0,2000,2026-09-23 15:38:00+07:00
1790152740,348.0,348.0,347.0,348.0,2300,2026-09-23 15:39:00+07:00
1790152800,348.0,348.0,348.0,348.0,1600,2026-09-23 15:40:00+07:00
1790152860,348.0,348.0,347.0,348.0,9700,2026-09-23 15:41:00+07:00
1790152920,348.0,348.0,348.0,348.0,11500,2026-09-23 15:42:00+07:00
1790152980,348.0,348.0,348.0,348.0,2500,2026-09-23 15:43:00+07:00
1790153040,348.0,348.0,348.0,348.0,4100,2026-09-23 15:44:00+07:00
1790153100,348.0,348.0,348.0,348.0,32900,2026-09-23 15:45:00+07:00
1790153160,348.0,348.0,347.0,348.0,12200,2026-09-23 15:46:00+07:00
1790153220,348.0,348.0,348.0,348.0,2400,2026-09-23 15:47:00+07:00
1790153280,348.0,348.0,348.0,348.0,1900,2026-09-23 15:48:00+07:00
1790153340,348.0,348.0,347.0,348.0,33800,2026-09-23 15:49:00+07:00
1790153400,348.0,348.0,348.0,348.0,1900,2026-09-23 15:50:00+07:00
1790153460,348.0,348.0,347.0,348.0,1200,2026-09-23 15:51:00+07:00
1790153520,348.0,349.0,348.0,349.0,124700,2026-09-23 15:52:00+07:00
1790153580,349.0,349.0,349.0,349.0,2000,2026-09-23 15:53:00+07:00
1790153640,348.0,349.0,348.0,349.0,50300,2026-09-23 15:54:00+07:00
1790153700,349.0,349.0,348.0,349.0,2300,2026-09-23 15:55:00+07:00
1790153760,348.0,349.0,348.0,349.0,2100,2026-09-23 15:56:00+07:00
1790153820,349.0,349.0,348.0,348.0,113700,2026-09-23 15:57:00+07:00
1790153880,348.0,348.0,348.0,348.0,72300,2026-09-23 15:58:00+07:00
1790153940,348.0,348.0,348.0,348.0,300,2026-09-23 15:59:00+07:00
1790154000,348.0,348.0,348.0,348.0,2100,2026-09-23 16:00:00+07:00
1790154060,348.0,348.0,348.0,348.0,400,2026-09-23 16:01:00+07:00
1790154120,348.0,348.0,348.0,348.0,20400,2026-09-23 16:02:00+07:00
1790154180,348.0,348.0,348.0,348.0,2800,2026-09-23 16:03:00+07:00
1790154240,348.0,348.0,347.0,348.0,1600,2026-09-23 16:04:00+07:00
1790154300,348.0,348.0,348.0,348.0,400,2026-09-23 16:05:00+07:00
1790154360,348.0,348.0,348.0,348.0,1300,2026-09-23 16:06:00+07:00
1790154420,348.0,348.0,348.0,348.0,37300,2026-09-23 16:07:00+07:00
1790154480,348.0,348.0,348.0,348.0,1200,2026-09-23 16:08:00+07:00
1790154540,348.0,348.0,348.0,348.0,600,2026-09-23 16:09:00+07:00
1790154600,348.0,348.0,348.0,348.0,19400,2026-09-23 16:10:00+07:00
1790154660,348.0,348.0,348.0,348.0,3200,2026-09-23 16:11:00+07:00
1790154720,347.0,348.0,347.0,348.0,17500,2026-09-23 16:12:00+07:00
1790154780,348.0,348.0,348.0,348.0,15300,2026-09-23 16:13:00+07:00
1790154840,348.0,348.0,348.0,348.0,500,2026-09-23 16:14:00+07:00
1790154900,348.0,348.0,348.0,348.0,15200,2026-09-23 16:15:00+07:00
1790154960,348.0,348.0,348.0,348.0,25800,2026-09-23 16:16:00+07:00
1790155020,347.0,348.0,347.0,348.0,15000,2026-09-23 16:17:00+07:00
1790155080,348.0,348.0,348.0,348.0,500,2026-09-23 16:18:00+07:00
1790155140,348.0,348.0,347.0,348.0,34300,2026-09-23 16:19:00+07:00
1790155200,348.0,348.0,347.0,347.0,10200,2026-09-23 16:20:00+07:00
1790155260,348.0,348.0,347.0,347.0,1200,2026-09-23 16:21:00+07:00
1790155320,347.0,348.0,347.0,348.0,9600,2026-09-23 16:22:00+07:00
1790155380,347.0,348.0,347.0,348.0,3800,2026-09-23 16:23:00+07:00
1790155440,348.0,348.0,347.0,347.0,8600,2026-09-23 16:24:00+07:00
1790155500,347.0,348.0,347.0,347.0,4100,2026-09-23 16:25:00+07:00
1790155560,348.0,348.0,347.0,348.0,10000,2026-09-23 16:26:00+07:00
1790155620,347.0,348.0,347.0,347.0,2400,2026-09-23 16:27:00+07:00
1790155680,348.0,348.0,347.0,348.0,10000,2026-09-23 16:28:00+07:00
1790155740,348.0,348.0,347.0,348.0,6500,2026-09-23 16:29:00+07:00
1790156100,347.0,347.0,347.0,347.0,676500,2026-09-23 16:35:00+07:00
1790218680,346.0,346.0,346.0,346.0,399700,2026-09-24 09:58:00+07:00
1790218740,346.0,346.0,346.0,346.0,111100,2026-09-24 09:59:00+07:00
1790218800,346.0,347.0,345.0,346.0,280700,2026-09-24 10:00:00+07:00
1790218860,345.0,346.0,345.0,345.0,9700,2026-09-24 10:01:00+07:00
1790218920,345.0,345.0,344.0,344.0,247000,2026-09-24 10:02:00+07:00
1790218980,344.0,345.0,343.0,344.0,259800,2026-09-24 10:03:00+07:00
1790219040,344.0,344.0,343.0,343.0,45800,2026-09-24 10:04:00+07:00
1790219100,344.0,344.0,343.0,343.0,69100,2026-09-24 10:05:00+07:00
1790219160,343.0,345.0,343.0,344.0,331000,2026-09-24 10:06:00+07:00
1790219220,344.0,345.0,344.0,344.0,3700,2026-09-24 10:07:00+07:00
1790219280,344.0,345.0,344.0,344.0,53400,2026-09-24 10:08:00+07:00
1790219340,344.0,345.0,344.0,345.0,3300,2026-09-24 10:09:00+07:00
1790219400,344.0,345.0,344.0,344.0,4400,2026-09-24 10:10:00+07:00
1790219460,344.0,344.0,343.0,344.0,201600,2026-09-24 10:11:00+07:00
1790219520,344.0,344.0,343.0,343.0,16800,2026-09-24 10:12:00+07:00
1790219580,343.0,344.0,343.0,343.0,9000,2026-09-24 10:13:00+07:00
1790219640,344.0,344.0,343.0,344.0,6600,2026-09-24 10:14:00+07:00
1790219700,343.0,344.0,343.0,343.0,5900,2026-09-24 10:15:00+07:00
1790219760,343.0,344.0,343.0,343.0,12600,2026-09-24 10:16:00+07:00
1790219820,344.0,344.0,343.0,343.0,7000,2026-09-24 10:17:00+07:00
1790219880,344.0,344.0,343.0,343.0,7700,2026-09-24 10:18:00+07:00
1790219940,344.0,344.0,343.0,343.0,35800,2026-09-24 10:19:00+07:00
1790220000,344.0,344.0,343.0,343.0,5200,2026-09-24 10:20:00+07:00
1790220060,344.0,345.0,344.0,345.0,407400,2026-09-24 10:21:00+07:00
1790220120,345.0,345.0,344.0,344.0,10400,2026-09-24 10:22:00+07:00
1790220180,345.0,345.0,344.0,344.0,13000,2026-09-24 10:23:00+07:00
1790220240,345.0,345.0,344.0,344.0,3600,2026-09-24 10:24:00+07:00
1790220300,344.0,345.0,344.0,344.0,4400,2026-09-24 10:25:00+07:00
1790220360,344.0,345.0,344.0,344.0,5400,2026-09-24 10:26:00+07:00
1790220420,344.0,345.0,344.0,344.0,4300,2026-09-24 10:27:00+07:00
1790220480,344.0,345.0,344.0,345.0,353100,2026-09-24 10:28:00+07:00
1790220540,345.0,345.0,344.0,344.0,7700,2026-09-24 10:29:00+07:00
1790220600,345.0,345.0,344.0,345.0,4100,2026-09-24 10:30:00+07:00
1790220660,344.0,345.0,344.0,344.0,2600,2026-09-24 10:31:00+07:00
1790220720,345.0,345.0,344.0,345.0,5900,2026-09-24 10:32:00+07:00
1790220780,345.0,345.0,344.0,344.0,37500,2026-09-24 10:33:00+07:00
1790220840,344.0,345.0,344.0,344.0,3200,2026-09-24 10:34:00+07:00
1790220900,345.0,345.0,344.0,344.0,3700,2026-09-24 10:35:00+07:00
1790220960,344.0,345.0,344.0,344.0,9200,2026-09-24 10:36:00+07:00
1790221020,344.0,345.0,344.0,345.0,3900,2026-09-24 10:37:00+07:00
1790221080,344.0,345.0,344.0,344.0,4200,2026-09-24 10:38:00+07:00
1790221140,344.0,345.0,344.0,344.0,3800,2026-09-24 10:39:00+07:00
1790221200,344.0,345.0,344.0,344.0,2500,2026-09-24 10:40:00+07:00
1790221260,345.0,345.0,344.0,344.0,10400,2026-09-24 10:41:00+07:00
1790221320,345.0,345.0,344.0,344.0,3800,2026-09-24 10:42:00+07:00
1790221380,344.0,345.0,344.0,344.0,2800,2026-09-24 10:43:00+07:00
1790221440,344.0,345.0,344.0,344.0,4200,2026-09-24 10:44:00+07:00
1790221500,345.0,345.0,344.0,344.0,2600,2026-09-24 10:45:00+07:00
1790221560,344.0,345.0,344.0,344.0,1700,2026-09-24 10:46:00+07:00
1790221620,345.0,345.0,344.0,345.0,1500,2026-09-24 10:47:00+07:00
1790221680,344.0,345.0,344.0,345.0,2300,2026-09-24 10:48:00+07:00
1790221740,344.0,345.0,344.0,344.0,5000,2026-09-24 10:49:00+07:00
1790221800,344.0,345.0,344.0,344.0,900,2026-09-24 10:50:00+07:00
1790221860,344.0,345.0,344.0,344.0,8900,2026-09-24 10:51:00+07:00
1790221920,345.0,345.0,344.0,344.0,1500,2026-09-24 10:52:00+07:00
1790221980,344.0,345.0,344.0,345.0,279200,2026-09-24 10:53:00+07:00
1790222040,345.0,345.0,345.0,345.0,1100,2026-09-24 10:54:00+07:00
1790222100,345.0,345.0,344.0,344.0,1600,2026-09-24 10:55:00+07:00
1790222160,344.0,345.0,344.0,345.0,2300,2026-09-24 10:56:00+07:00
1790222220,344.0,345.0,344.0,344.0,1600,2026-09-24 10:57:00+07:00
1790222280,345.0,345.0,344.0,344.0,2100,2026-09-24 10:58:00+07:00
1790222340,345.0,345.0,344.0,345.0,2800,2026-09-24 10:59:00+07:00
1790222400,344.0,345.0,344.0,344.0,1000,2026-09-24 11:00:00+07:00
1790222460,344.0,345.0,344.0,344.0,1900,2026-09-24 11:01:00+07:00
1790222520,344.0,345.0,344.0,345.0,1100,2026-09-24 11:02:00+07:00
1790222580,344.0,345.0,344.0,344.0,1600,2026-09-24 11:03:00+07:00
1790222640,344.0,345.0,344.0,344.0,1200,2026-09-24 11:04:00+07:00
1790222700,344.0,345.0,344.0,344.0,1700,2026-09-24 11:05:00+07:00
1790222760,344.0,345.0,344.0,344.0,2700,2026-09-24 11:06:00+07:00
1790222820,344.0,345.0,344.0,345.0,1300,2026-09-24 11:07:00+07:00
1790222880,344.0,345.0,344.0,344.0,1600,2026-09-24 11:08:00+07:00
1790222940,345.0,345.0,344.0,345.0,8300,2026-09-24 11:09:00+07:00
1790223000,344.0,345.0,344.0,344.0,51900,2026-09-24 11:10:00+07:00
1790223060,344.0,345.0,344.0,345.0,10200,2026-09-24 11:11:00+07:00
1790223120,344.0,345.0,344.0,344.0,2000,2026-09-24 11:12:00+07:00
1790223180,344.0,345.0,344.0,345.0,7000,2026-09-24 11:13:00+07:00
1790223240,344.0,345.0,344.0,344.0,1600,2026-09-24 11:14:00+07:00
1790223300,344.0,345.0,344.0,344.0,3300,2026-09-24 11:15:00+07:00
1790223360,344.0,345.0,344.0,345.0,900,2026-09-24 11:16:00+07:00
1790223420,345.0,345.0,344.0,345.0,5500,2026-09-24 11:17:00+07:00
1790223480,344.0,345.0,344.0,345.0,2100,2026-09-24 11:18:00+07:00
1790223540,344.0,345.0,344.0,345.0,2300,2026-09-24 11:19:00+07:00
1790223600,344.0,345.0,344.0,345.0,2200,2026-09-24 11:20:00+07:00
1790223660,345.0,345.0,344.0,344.0,30200,2026-09-24 11:21:00+07:00
1790223720,345.0,345.0,344.0,344.0,2800,2026-09-24 11:22:00+07:00
1790223780,344.0,345.0,344.0,344.0,10500,2026-09-24 11:23:00+07:00
1790223840,345.0,345.0,344.0,344.0,1500,2026-09-24 11:24:00+07:00
1790223900,344.0,345.0,344.0,344.0,1900,2026-09-24 11:25:00+07:00
1790223960,344.0,345.0,344.0,345.0,1100,2026-09-24 11:26:00+07:00
1790224020,344.0,345.0,344.0,344.0,1500,2026-09-24 11:27:00+07:00
1790224080,344.0,345.0,344.0,344.0,900,2026-09-24 11:28:00+07:00
1790224140,344.0,345.0,344.0,345.0,800,2026-09-24 11:29:00+07:00
1790224200,344.0,345.0,344.0,344.0,44400,2026-09-24 11:30:00+07:00
1790224260,344.0,344.0,344.0,344.0,500,2026-09-24 11:31:00+07:00
1790224320,344.0,345.0,344.0,345.0,3000,2026-09-24 11:32:00+07:00
1790224380,344.0,345.0,344.0,344.0,5000,2026-09-24 11:33:00+07:00
1790224440,344.0,345.0,344.0,344.0,1200,2026-09-24 11:34:00+07:00
1790224500,345.0,345.0,344.0,344.0,1300,2026-09-24 11:35:00+07:00
1790224560,344.0,345.0,344.0,344.0,1700,2026-09-24 11:36:00+07:00
1790224620,344.0,345.0,344.0,344.0,2600,2026-09-24 11:37:00+07:00
1790224680,345.0,345.0,344.0,344.0,2300,2026-09-24 11:38:00+07:00
1790224740,344.0,345.0,344.0,345.0,1000,2026-09-24 11:39:00+07:00
1790224800,344.0,345.0,344.0,344.0,1000,2026-09-24 11:40:00+07:00
1790224860,344.0,345.0,344.0,344.0,382500,2026-09-24 11:41:00+07:00
1790224920,344.0,345.0,344.0,344.0,210000,2026-09-24 11:42:00+07:00
1790224980,344.0,345.0,344.0,345.0,141600,2026-09-24 11:43:00+07:00
1790225040,344.0,344.0,344.0,344.0,700,2026-09-24 11:44:00+07:00
1790225100,344.0,344.0,344.0,344.0,59600,2026-09-24 11:45:00+07:00
1790225160,345.0,345.0,344.0,344.0,900,2026-09-24 11:46:00+07:00
1790225220,344.0,344.0,344.0,344.0,2500,2026-09-24 11:47:00+07:00
1790225280,344.0,345.0,344.0,344.0,26600,2026-09-24 11:48:00+07:00
1790225340,344.0,345.0,344.0,344.0,1400,2026-09-24 11:49:00+07:00
1790225400,344.0,344.0,344.0,344.0,1700,2026-09-24 11:50:00+07:00
1790225460,344.0,344.0,344.0,344.0,1600,2026-09-24 11:51:00+07:00
1790225520,344.0,344.0,343.0,344.0,87600,2026-09-24 11:52:00+07:00
1790225580,343.0,344.0,343.0,343.0,5900,2026-09-24 11:53:00+07:00
1790225640,343.0,344.0,343.0,344.0,13600,2026-09-24 11:54:00+07:00
1790225700,344.0,344.0,343.0,343.0,10800,2026-09-24 11:55:00+07:00
1790225760,343.0,344.0,343.0,343.0,1100,2026-09-24 11:56:00+07:00
1790225820,344.0,344.0,343.0,343.0,4000,2026-09-24 11:57:00+07:00
1790225880,344.0,344.0,343.0,343.0,31900,2026-09-24 11:58:00+07:00
1790225940,343.0,344.0,343.0,344.0,178800,2026-09-24 11:59:00+07:00
1790226060,344.0,344.0,344.0,344.0,200,2026-09-24 12:01:00+07:00
1790226120,345.0,345.0,344.0,344.0,1600,2026-09-24 12:02:00+07:00
1790226180,344.0,345.0,344.0,344.0,89000,2026-09-24 12:03:00+07:00
1790226240,344.0,345.0,344.0,344.0,1200,2026-09-24 12:04:00+07:00
1790226300,344.0,344.0,344.0,344.0,900,2026-09-24 12:05:00+07:00
1790226360,345.0,345.0,344.0,344.0,800,2026-09-24 12:06:00+07:00
1790226420,344.0,345.0,344.0,345.0,1100,2026-09-24 12:07:00+07:00
1790226480,345.0,345.0,344.0,344.0,1000,2026-09-24 12:08:00+07:00
1790226540,344.0,345.0,344.0,344.0,1200,2026-09-24 12:09:00+07:00
1790226600,344.0,345.0,344.0,344.0,1800,2026-09-24 12:10:00+07:00
1790226660,344.0,345.0,344.0,344.0,4300,2026-09-24 12:11:00+07:00
1790226720,344.0,345.0,344.0,344.0,1800,2026-09-24 12:12:00+07:00
1790226780,344.0,345.0,344.0,345.0,2800,2026-09-24 12:13:00+07:00
1790226840,344.0,345.0,344.0,344.0,1500,2026-09-24 12:14:00+07:00
1790226900,344.0,345.0,344.0,345.0,1500,2026-09-24 12:15:00+07:00
1790226960,345.0,345.0,344.0,344.0,1000,2026-09-24 12:16:00+07:00
1790227020,344.0,345.0,344.0,344.0,1200,2026-09-24 12:17:00+07:00
1790227080,344.0,345.0,344.0,344.0,1000,2026-09-24 12:18:00+07:00
1790227140,344.0,344.0,344.0,344.0,30500,2026-09-24 12:19:00+07:00
1790227200,345.0,345.0,344.0,344.0,1800,2026-09-24 12:20:00+07:00
1790227260,344.0,345.0,344.0,345.0,1300,2026-09-24 12:21:00+07:00
1790227320,344.0,345.0,344.0,345.0,2400,2026-09-24 12:22:00+07:00
1790227380,345.0,345.0,344.0,345.0,1300,2026-09-24 12:23:00+07:00
1790227440,345.0,345.0,344.0,344.0,2800,2026-09-24 12:24:00+07:00
1790227500,344.0,345.0,344.0,344.0,2500,2026-09-24 12:25:00+07:00
1790227560,345.0,345.0,344.0,344.0,7100,2026-09-24 12:26:00+07:00
1790227620,344.0,345.0,344.0,344.0,1500,2026-09-24 12:27:00+07:00
1790227680,344.0,345.0,344.0,344.0,1500,2026-09-24 12:28:00+07:00
1790227740,345.0,345.0,344.0,344.0,500,2026-09-24 12:29:00+07:00
1790232900,344.0,344.0,343.0,344.0,331900,2026-09-24 13:55:00+07:00
1790232960,344.0,344.0,343.0,343.0,2600,2026-09-24 13:56:00+07:00
1790233020,344.0,344.0,343.0,343.0,11100,2026-09-24 13:57:00+07:00
1790233080,344.0,344.0,343.0,343.0,3700,2026-09-24 13:58:00+07:00
1790233140,343.0,344.0,343.0,344.0,2800,2026-09-24 13:59:00+07:00
1790233200,343.0,344.0,343.0,343.0,252800,2026-09-24 14:00:00+07:00
1790233260,344.0,344.0,343.0,344.0,7500,2026-09-24 14:01:00+07:00
1790233320,343.0,344.0,343.0,343.0,3100,2026-09-24 14:02:00+07:00
1790233380,344.0,344.0,343.0,343.0,4700,2026-09-24 14:03:00+07:00
1790233440,344.0,344.0,343.0,343.0,3500,2026-09-24 14:04:00+07:00
1790233500,344.0,344.0,343.0,344.0,4700,2026-09-24 14:05:00+07:00
1790233560,344.0,344.0,343.0,343.0,1400,2026-09-24 14:06:00+07:00
1790233620,343.0,344.0,343.0,343.0,1300,2026-09-24 14:07:00+07:00
1790233680,344.0,344.0,343.0,343.0,1300,2026-09-24 14:08:00+07:00
1790233740,344.0,344.0,343.0,343.0,1300,2026-09-24 14:09:00+07:00
1790233800,343.0,344.0,343.0,343.0,2400,2026-09-24 14:10:00+07:00
1790233860,344.0,344.0,343.0,343.0,2100,2026-09-24 14:11:00+07:00
1790233920,344.0,344.0,343.0,343.0,600,2026-09-24 14:12:00+07:00
1790233980,343.0,344.0,343.0,343.0,2000,2026-09-24 14:13:00+07:00
1790234040,344.0,344.0,343.0,344.0,1800,2026-09-24 14:14:00+07:00
1790234100,343.0,344.0,343.0,343.0,1300,2026-09-24 14:15:00+07:00
1790234160,344.0,344.0,343.0,343.0,2800,2026-09-24 14:16:00+07:00
1790234220,344.0,344.0,343.0,343.0,1000,2026-09-24 14:17:00+07:00
1790234280,344.0,344.0,343.0,344.0,4100,2026-09-24 14:18:00+07:00
1790234340,343.0,344.0,343.0,344.0,1600,2026-09-24 14:19:00+07:00
1790234400,343.0,344.0,343.0,343.0,700,2026-09-24 14:20:00+07:00
1790234460,343.0,344.0,343.0,343.0,1500,2026-09-24 14:21:00+07:00
1790234520,343.0,344.0,343.0,343.0,700,2026-09-24 14:22:00+07:00
1790234580,344.0,344.0,343.0,344.0,2800,2026-09-24 14:23:00+07:00
1790234640,343.0,344.0,343.0,344.0,1000,2026-09-24 14:24:00+07:00
1790234700,344.0,344.0,343.0,344.0,9400,2026-09-24 14:25:00+07:00
1790234760,343.0,344.0,343.0,344.0,6200,2026-09-24 14:26:00+07:00
1790234820,344.0,345.0,343.0,345.0,317000,2026-09-24 14:27:00+07:00
1790234880,345.0,345.0,345.0,345.0,100,2026-09-24 14:28:00+07:00
1790234940,345.0,345.0,344.0,345.0,500,2026-09-24 14:29:00+07:00
1790235000,345.0,345.0,344.0,345.0,900,2026-09-24 14:30:00+07:00
1790235060,344.0,345.0,344.0,345.0,1300,2026-09-24 14:31:00+07:00
1790235120,344.0,344.0,344.0,344.0,500,2026-09-24 14:32:00+07:00
1790235180,344.0,344.0,344.0,344.0,400,2026-09-24 14:33:00+07:00
1790235240,344.0,345.0,344.0,344.0,1200,2026-09-24 14:34:00+07:00
1790235300,344.0,344.0,344.0,344.0,600,2026-09-24 14:35:00+07:00
1790235360,344.0,345.0,344.0,344.0,2200,2026-09-24 14:36:00+07:00
1790235420,344.0,345.0,344.0,344.0,1600,2026-09-24 14:37:00+07:00
1790235480,344.0,345.0,344.0,344.0,1400,2026-09-24 14:38:00+07:00
1790235540,344.0,344.0,344.0,344.0,1000,2026-09-24 14:39:00+07:00
1790235600,345.0,345.0,344.0,344.0,500,2026-09-24 14:40:00+07:00
1790235660,345.0,345.0,344.0,345.0,2100,2026-09-24 14:41:00+07:00
1790235720,345.0,345.0,344.0,344.0,427600,2026-09-24 14:42:00+07:00
1790235780,343.0,344.0,343.0,344.0,1800,2026-09-24 14:43:00+07:00
1790235840,344.0,344.0,343.0,344.0,11500,2026-09-24 14:44:00+07:00
1790235900,343.0,344.0,343.0,344.0,2600,2026-09-24 14:45:00+07:00
1790235960,344.0,344.0,343.0,343.0,71100,2026-09-24 14:46:00+07:00
1790236020,344.0,344.0,343.0,343.0,2100,2026-09-24 14:47:00+07:00
1790236080,343.0,344.0,343.0,343.0,1800,2026-09-24 14:48:00+07:00
1790236140,344.0,344.0,343.0,344.0,1000,2026-09-24 14:49:00+07:00
1790236200,344.0,344.0,343.0,343.0,1500,2026-09-24 14:50:00+07:00
1790236260,343.0,344.0,343.0,344.0,14100,2026-09-24 14:51:00+07:00
1790236320,343.0,344.0,343.0,344.0,3300,2026-09-24 14:52:00+07:00
1790236380,343.0,344.0,343.0,343.0,3100,2026-09-24 14:53:00+07:00
1790236440,344.0,344.0,343.0,344.0,1400,2026-09-24 14:54:00+07:00
1790236500,343.0,344.0,343.0,343.0,800,2026-09-24 14:55:00+07:00
1790236560,343.0,344.0,343.0,343.0,800,2026-09-24 14:56:00+07:00
1790236620,343.0,344.0,343.0,344.0,600,2026-09-24 14:57:00+07:00
1790236680,343.0,344.0,343.0,344.0,800,2026-09-24 14:58:00+07:00
1790236740,343.0,344.0,343.0,343.0,849400,2026-09-24 14:59:00+07:00
1790236800,343.0,344.0,343.0,343.0,3500,2026-09-24 15:00:00+07:00
1790236860,343.0,344.0,343.0,343.0,900,2026-09-24 15:01:00+07:00
1790236920,343.0,344.0,343.0,344.0,2300,2026-09-24 15:02:00+07:00
1790236980,343.0,344.0,343.0,343.0,1700,2026-09-24 15:03:00+07:00
1790237040,343.0,344.0,343.0,343.0,1300,2026-09-24 15:04:00+07:00
1790237100,343.0,343.0,343.0,343.0,600,2026-09-24 15:05:00+07:00
1790237160,343.0,344.0,343.0,343.0,1500,2026-09-24 15:06:00+07:00
1790237220,344.0,344.0,343.0,343.0,1000,2026-09-24 15:07:00+07:00
1790237280,344.0,344.0,343.0,343.0,600,2026-09-24 15:08:00+07:00
1790237340,344.0,344.0,343.0,343.0,1500,2026-09-24 15:09:00+07:00
1790237400,344.0,344.0,343.0,343.0,1500,2026-09-24 15:10:00+07:00
1790237460,343.0,343.0,343.0,343.0,800,2026-09-24 15:11:00+07:00
1790237520,344.0,344.0,343.0,343.0,1200,2026-09-24 15:12:00+07:00
1790237580,343.0,344.0,343.0,343.0,1300,2026-09-24 15:13:00+07:00
1790237640,343.0,343.0,343.0,343.0,2500,2026-09-24 15:14:00+07:00
1790237700,343.0,344.0,343.0,343.0,1100,2026-09-24 15:15:00+07:00
1790237760,344.0,344.0,343.0,343.0,1100,2026-09-24 15:16:00+07:00
1790237820,343.0,343.0,343.0,343.0,800,2026-09-24 15:17:00+07:00
1790237880,343.0,344.0,343.0,344.0,700,2026-09-24 15:18:00+07:00
1790237940,343.0,344.0,343.0,344.0,700,2026-09-24 15:19:00+07:00
1790238000,344.0,345.0,344.0,345.0,114900,2026-09-24 15:20:00+07:00
1790238060,345.0,345.0,344.0,344.0,1200,2026-09-24 15:21:00+07:00
1790238120,344.0,344.0,344.0,344.0,65600,2026-09-24 15:22:00+07:00
1790238180,344.0,344.0,344.0,344.0,1100,2026-09-24 15:23:00+07:00
1790238240,344.0,344.0,344.0,344.0,1100,2026-09-24 15:24:00+07:00
1790238300,344.0,344.0,344.0,344.0,500,2026-09-24 15:25:00+07:00
1790238360,344.0,345.0,344.0,344.0,138400,2026-09-24 15:26:00+07:00
1790238420,344.0,345.0,344.0,345.0,300,2026-09-24 15:27:00+07:00
1790238480,345.0,345.0,344.0,344.0,400,2026-09-24 15:28:00+07:00
1790238540,344.0,344.0,344.0,344.0,1400,2026-09-24 15:29:00+07:00
1790238600,344.0,344.0,344.0,344.0,3000,2026-09-24 15:30:00+07:00
1790238660,344.0,344.0,344.0,344.0,22000,2026-09-24 15:31:00+07:00
1790238720,344.0,345.0,344.0,344.0,11900,2026-09-24 15:32:00+07:00
1790238780,344.0,345.0,344.0,344.0,5500,2026-09-24 15:33:00+07:00
1790238840,344.0,345.0,344.0,344.0,16600,2026-09-24 15:34:00+07:00
1790238900,345.0,345.0,344.0,344.0,1300,2026-09-24 15:35:00+07:00
1790238960,344.0,345.0,344.0,344.0,1800,2026-09-24 15:36:00+07:00
1790239020,345.0,345.0,344.0,344.0,1400,2026-09-24 15:37:00+07:00
1790239080,345.0,345.0,344.0,344.0,1200,2026-09-24 15:38:00+07:00
1790239140,344.0,345.0,344.0,344.0,4500,2026-09-24 15:39:00+07:00
1790239200,344.0,345.0,344.0,344.0,9200,2026-09-24 15:40:00+07:00
1790239260,344.0,345.0,344.0,344.0,4200,2026-09-24 15:41:00+07:00
1790239320,344.0,345.0,344.0,345.0,2800,2026-09-24 15:42:00+07:00
1790239380,344.0,345.0,344.0,344.0,3200,2026-09-24 15:43:00+07:00
1790239440,345.0,345.0,344.0,344.0,3200,2026-09-24 15:44:00+07:00
1790239500,344.0,345.0,344.0,344.0,18000,2026-09-24 15:45:00+07:00
1790239560,344.0,344.0,344.0,344.0,2900,2026-09-24 15:46:00+07:00
1790239620,344.0,345.0,344.0,344.0,3800,2026-09-24 15:47:00+07:00
1790239680,344.0,345.0,344.0,344.0,5600,2026-09-24 15:48:00+07:00
1790239740,344.0,345.0,344.0,344.0,3500,2026-09-24 15:49:00+07:00
1790239800,344.0,345.0,344.0,344.0,4000,2026-09-24 15:50:00+07:00
1790239860,344.0,345.0,344.0,344.0,4400,2026-09-24 15:51:00+07:00
1790239920,344.0,345.0,344.0,344.0,5800,2026-09-24 15:52:00+07:00
1790239980,344.0,345.0,344.0,344.0,5500,2026-09-24 15:53:00+07:00
1790240040,344.0,345.0,344.0,344.0,6000,2026-09-24 15:54:00+07:00
1790240100,344.0,345.0,344.0,344.0,1800,2026-09-24 15:55:00+07:00
1790240160,344.0,345.0,344.0,344.0,5200,2026-09-24 15:56:00+07:00
1790240220,344.0,345.0,344.0,344.0,2200,2026-09-24 15:57:00+07:00
1790240280,344.0,345.0,344.0,344.0,2300,2026-09-24 15:58:00+07:00
1790240340,345.0,345.0,344.0,344.0,2100,2026-09-24 15:59:00+07:00
1790240400,344.0,344.0,344.0,344.0,15700,2026-09-24 16:00:00+07:00
1790240460,344.0,344.0,344.0,344.0,4100,2026-09-24 16:01:00+07:00
1790240520,344.0,345.0,344.0,345.0,2600,2026-09-24 16:02:00+07:00
1790240580,344.0,345.0,344.0,344.0,2700,2026-09-24 16:03:00+07:00
1790240640,344.0,345.0,344.0,344.0,3900,2026-09-24 16:04:00+07:00
1790240700,345.0,345.0,344.0,344.0,3900,2026-09-24 16:05:00+07:00
1790240760,344.0,345.0,344.0,344.0,2300,2026-09-24 16:06:00+07:00
1790240820,344.0,345.0,344.0,344.0,2400,2026-09-24 16:07:00+07:00
1790240880,344.0,345.0,344.0,345.0,3000,2026-09-24 16:08:00+07:00
1790240940,344.0,345.0,344.0,344.0,4100,2026-09-24 16:09:00+07:00
1790241000,344.0,345.0,344.0,344.0,4700,2026-09-24 16:10:00+07:00
1790241060,344.0,345.0,344.0,344.0,3900,2026-09-24 16:11:00+07:00
1790241120,345.0,345.0,344.0,345.0,4500,2026-09-24 16:12:00+07:00
1790241180,344.0,345.0,344.0,344.0,3800,2026-09-24 16:13:00+07:00
1790241240,344.0,345.0,344.0,344.0,3600,2026-09-24 16:14:00+07:00
1790241300,344.0,345.0,344.0,344.0,3400,2026-09-24 16:15:00+07:00
1790241360,344.0,345.0,344.0,344.0,5300,2026-09-24 16:16:00+07:00
1790241420,344.0,345.0,344.0,344.0,3300,2026-09-24 16:17:00+07:00
1790241480,344.0,345.0,344.0,344.0,1800,2026-09-24 16:18:00+07:00
1790241540,344.0,345.0,344.0,345.0,8500,2026-09-24 16:19:00+07:00
1790241600,344.0,345.0,344.0,344.0,5400,2026-09-24 16:20:00+07:00
1790241660,344.0,345.0,344.0,344.0,2600,2026-09-24 16:21:00+07:00
1790241720,344.0,345.0,344.0,344.0,8300,2026-09-24 16:22:00+07:00
1790241780,345.0,345.0,344.0,344.0,33400,2026-09-24 16:23:00+07:00
1790241840,344.0,345.0,344.0,344.0,4300,2026-09-24 16:24:00+07:00
1790241900,344.0,345.0,344.0,344.0,4100,2026-09-24 16:25:00+07:00
1790241960,345.0,345.0,344.0,344.0,7000,2026-09-24 16:26:00+07:00
1790242020,344.0,345.0,344.0,344.0,4400,2026-09-24 16:27:00+07:00
1790242080,345.0,345.0,344.0,344.0,4600,2026-09-24 16:28:00+07:00
1790242140,345.0,345.0,344.0,344.0,31700,2026-09-24 16:29:00+07:00
1790242500,345.0,345.0,345.0,345.0,500900,2026-09-24 16:35:00+07:00
1790305080,344.0,344.0,344.0,344.0,71900,2026-09-25 09:58:00+07:00
1790305140,345.0,345.0,344.0,344.0,400,2026-09-25 09:59:00+07:00
1790305200,344.0,345.0,344.0,344.0,4100,2026-09-25 10:00:00+07:00
1790305260,344.0,345.0,344.0,345.0,3500,2026-09-25 10:01:00+07:00
1790305320,345.0,345.0,344.0,345.0,5000,2026-09-25 10:02:00+07:00
1790305380,345.0,345.0,344.0,345.0,3500,2026-09-25 10:03:00+07:00
1790305440,345.0,345.0,344.0,345.0,3900,2026-09-25 10:04:00+07:00
1790305500,344.0,345.0,344.0,345.0,3900,2026-09-25 10:05:00+07:00
1790305560,344.0,345.0,343.0,344.0,104300,2026-09-25 10:06:00+07:00
1790305620,344.0,345.0,344.0,344.0,57700,2026-09-25 10:07:00+07:00
1790305680,345.0,345.0,344.0,345.0,4600,2026-09-25 10:08:00+07:00
1790305740,344.0,345.0,344.0,345.0,3700,2026-09-25 10:09:00+07:00
1790305800,345.0,345.0,344.0,345.0,700,2026-09-25 10:10:00+07:00
1790305860,345.0,346.0,345.0,346.0,234600,2026-09-25 10:11:00+07:00
1790305920,345.0,346.0,345.0,346.0,2000,2026-09-25 10:12:00+07:00
1790305980,345.0,346.0,345.0,346.0,2000,2026-09-25 10:13:00+07:00
1790306040,345.0,346.0,345.0,345.0,5500,2026-09-25 10:14:00+07:00
1790306100,346.0,346.0,345.0,345.0,32300,2026-09-25 10:15:00+07:00
1790306160,346.0,346.0,345.0,345.0,10600,2026-09-25 10:16:00+07:00
1790306220,346.0,346.0,345.0,345.0,3600,2026-09-25 10:17:00+07:00
1790306280,346.0,346.0,345.0,345.0,4600,2026-09-25 10:18:00+07:00
1790306340,345.0,346.0,345.0,345.0,6100,2026-09-25 10:19:00+07:00
1790306400,345.0,346.0,345.0,345.0,4100,2026-09-25 10:20:00+07:00
1790306460,346.0,346.0,345.0,345.0,1700,2026-09-25 10:21:00+07:00
1790306520,346.0,346.0,345.0,345.0,3900,2026-09-25 10:22:00+07:00
1790306580,346.0,346.0,345.0,345.0,1700,2026-09-25 10:23:00+07:00
1790306640,345.0,346.0,345.0,345.0,4900,2026-09-25 10:24:00+07:00
1790306700,346.0,346.0,345.0,345.0,4700,2026-09-25 10:25:00+07:00
1790306760,345.0,346.0,345.0,345.0,7700,2026-09-25 10:26:00+07:00
1790306820,345.0,346.0,345.0,346.0,2700,2026-09-25 10:27:00+07:00
1790306880,345.0,345.0,345.0,345.0,2300,2026-09-25 10:28:00+07:00
1790306940,346.0,346.0,345.0,346.0,2700,2026-09-25 10:29:00+07:00
1790307000,346.0,346.0,345.0,345.0,3700,2026-09-25 10:30:00+07:00
1790307060,346.0,346.0,345.0,345.0,154000,2026-09-25 10:31:00+07:00
1790307120,345.0,345.0,345.0,345.0,3200,2026-09-25 10:32:00+07:00
1790307180,345.0,345.0,345.0,345.0,2100,2026-09-25 10:33:00+07:00
1790307240,345.0,346.0,345.0,346.0,1900,2026-09-25 10:34:00+07:00
1790307300,345.0,346.0,345.0,345.0,42000,2026-09-25 10:35:00+07:00
1790307360,345.0,345.0,345.0,345.0,9900,2026-09-25 10:36:00+07:00
1790307420,345.0,346.0,345.0,346.0,2800,2026-09-25 10:37:00+07:00
1790307480,345.0,346.0,345.0,346.0,2500,2026-09-25 10:38:00+07:00
1790307540,345.0,346.0,345.0,345.0,3900,2026-09-25 10:39:00+07:00
1790307600,346.0,346.0,345.0,345.0,11900,2026-09-25 10:40:00+07:00
1790307660,346.0,346.0,345.0,345.0,2500,2026-09-25 10:41:00+07:00
1790307720,345.0,346.0,345.0,345.0,13200,2026-09-25 10:42:00+07:00
1790307780,346.0,346.0,344.0,345.0,132800,2026-09-25 10:43:00+07:00
1790307840,345.0,346.0,344.0,345.0,208500,2026-09-25 10:44:00+07:00
1790307900,345.0,345.0,345.0,345.0,700,2026-09-25 10:45:00+07:00
1790307960,345.0,345.0,345.0,345.0,2900,2026-09-25 10:46:00+07:00
1790308020,345.0,345.0,345.0,345.0,1000,2026-09-25 10:47:00+07:00
1790308080,345.0,345.0,345.0,345.0,300,2026-09-25 10:48:00+07:00
1790308140,345.0,346.0,345.0,346.0,14600,2026-09-25 10:49:00+07:00
1790308200,346.0,346.0,346.0,346.0,300,2026-09-25 10:50:00+07:00
1790308260,345.0,346.0,345.0,345.0,14000,2026-09-25 10:51:00+07:00
1790308320,346.0,346.0,345.0,346.0,15500,2026-09-25 10:52:00+07:00
1790308380,345.0,346.0,345.0,345.0,14700,2026-09-25 10:53:00+07:00
1790308440,345.0,346.0,345.0,346.0,700,2026-09-25 10:54:00+07:00
1790308500,346.0,346.0,346.0,346.0,1100,2026-09-25 10:55:00+07:00
1790308560,346.0,346.0,345.0,345.0,1000,2026-09-25 10:56:00+07:00
1790308620,346.0,346.0,345.0,346.0,1300,2026-09-25 10:57:00+07:00
1790308680,346.0,346.0,346.0,346.0,1400,2026-09-25 10:58:00+07:00
1790308740,346.0,346.0,345.0,346.0,4900,2026-09-25 10:59:00+07:00
1790308800,345.0,346.0,345.0,346.0,38100,2026-09-25 11:00:00+07:00
1790308860,346.0,346.0,346.0,346.0,800,2026-09-25 11:01:00+07:00
1790308920,346.0,346.0,346.0,346.0,300,2026-09-25 11:02:00+07:00
1790308980,346.0,346.0,346.0,346.0,600,2026-09-25 11:03:00+07:00
1790309040,346.0,346.0,345.0,345.0,2300,2026-09-25 11:04:00+07:00
1790309100,345.0,346.0,345.0,346.0,8300,2026-09-25 11:05:00+07:00
1790309160,346.0,346.0,345.0,346.0,3900,2026-09-25 11:06:00+07:00
1790309220,346.0,346.0,346.0,346.0,1100,2026-09-25 11:07:00+07:00
1790309280,346.0,346.0,345.0,346.0,1800,2026-09-25 11:08:00+07:00
1790309340,346.0,346.0,345.0,345.0,5500,2026-09-25 11:09:00+07:00
1790309400,346.0,346.0,345.0,346.0,5000,2026-09-25 11:10:00+07:00
1790309460,345.0,346.0,345.0,345.0,1700,2026-09-25 11:11:00+07:00
1790309520,345.0,346.0,345.0,346.0,3800,2026-09-25 11:12:00+07:00
1790309580,346.0,346.0,345.0,346.0,1900,2026-09-25 11:13:00+07:00
1790309640,346.0,346.0,345.0,346.0,5600,2026-09-25 11:14:00+07:00
1790309700,346.0,346.0,345.0,346.0,1500,2026-09-25 11:15:00+07:00
1790309760,346.0,346.0,345.0,345.0,500,2026-09-25 11:16:00+07:00
1790309820,346.0,346.0,345.0,345.0,1700,2026-09-25 11:17:00+07:00
