date,price_1600,daily_close,tick_move
2023-10-02,126.0,126.0,0.0
2023-10-03,126.5,126.5,0.0
2023-10-04,127.0,127.0,0.0
2023-10-05,126.5,126.5,0.0
2023-10-06,126.5,127.0,1.0
2023-10-09,127.5,127.0,-1.0
2023-10-10,127.0,126.5,-1.0
2023-10-11,128.0,128.5,1.0
2023-10-12,127.5,127.5,0.0
2023-10-16,126.0,126.0,0.0
2023-10-17,127.0,127.0,0.0
2023-10-18,127.0,126.5,-1.0
2023-10-19,126.5,126.5,0.0
2023-10-20,128.5,129.0,1.0
2023-10-24,130.0,130.5,1.0
2023-10-25,133.5,133.0,-1.0
2023-10-26,130.0,129.5,-1.0
2023-10-27,131.5,132.0,1.0
2023-10-30,132.0,132.5,1.0
2023-10-31,132.0,131.5,-1.0
2023-11-01,131.5,132.5,2.0
2023-11-02,132.5,132.5,0.0
2023-11-03,133.5,133.5,0.0
2023-11-06,133.0,132.0,-2.0
2023-11-07,131.5,131.5,0.0
2023-11-08,132.5,133.0,1.0
2023-11-09,131.5,131.5,0.0
2023-11-10,131.5,131.5,0.0
2023-11-13,131.5,131.5,0.0
2023-11-14,132.0,132.0,0.0
2023-11-15,132.0,132.0,0.0
2023-11-16,131.5,132.0,1.0
2023-11-17,133.0,133.0,0.0
2023-11-20,131.0,131.0,0.0
2023-11-21,131.5,131.5,0.0
2023-11-22,132.0,132.0,0.0
2023-11-23,132.0,132.0,0.0
2023-11-24,132.0,132.0,0.0
2023-11-27,132.0,132.5,1.0
2023-11-28,132.5,133.0,1.0
2023-11-29,131.5,131.5,0.0
2023-11-30,128.0,128.0,0.0
2023-12-01,130.0,129.5,-1.0
2023-12-04,129.0,129.0,0.0
2023-12-06,127.5,127.5,0.0
2023-12-07,128.0,127.5,-1.0
2023-12-08,127.0,127.0,0.0
2023-12-12,128.0,128.0,0.0
2023-12-13,126.5,126.0,-1.0
2023-12-14,129.0,128.5,-1.0
2023-12-15,129.5,130.5,2.0
2023-12-18,130.0,130.5,1.0
2023-12-19,130.0,130.5,1.0
2023-12-20,131.0,131.0,0.0
2023-12-21,131.5,131.5,0.0
2023-12-22,131.0,131.5,1.0
2023-12-25,131.5,131.0,-1.0
2023-12-26,131.5,132.0,1.0
2023-12-27,132.5,133.0,1.0
2023-12-28,135.0,135.0,0.0
2024-01-03,135.0,135.0,0.0
2024-01-04,134.0,134.5,1.0
2024-01-05,136.0,136.0,0.0
2024-01-08,133.5,132.0,-3.0
2024-01-09,132.0,132.5,1.0
2024-01-10,129.5,129.5,0.0
2024-01-11,129.5,129.0,-1.0
2024-01-12,131.5,132.5,2.0
2024-01-15,132.0,131.5,-1.0
2024-01-16,130.5,130.5,0.0
2024-01-17,131.0,131.0,0.0
2024-01-18,129.0,129.0,0.0
2024-01-19,125.5,125.5,0.0
2024-01-22,120.5,120.5,0.0
2024-01-23,120.5,121.0,1.0
2024-01-24,121.5,122.0,1.0
2024-01-25,122.5,123.0,1.0
2024-01-26,122.0,122.0,0.0
2024-01-29,122.0,122.0,0.0
2024-01-30,122.0,121.5,-1.0
2024-01-31,119.0,120.0,2.0
2024-02-01,119.5,119.5,0.0
2024-02-02,121.5,121.5,0.0
2024-02-05,122.0,121.5,-1.0
2024-02-06,122.0,122.0,0.0
2024-02-07,123.0,123.5,1.0
2024-02-08,121.0,120.5,-1.0
2024-02-09,119.5,119.5,0.0
2024-02-12,120.5,121.0,1.0
2024-02-13,120.5,120.5,0.0
2024-02-14,121.0,120.5,-1.0
2024-02-15,119.0,119.0,0.0
2024-02-16,120.5,120.0,-1.0
2024-02-19,119.5,119.5,0.0
2024-02-20,120.5,121.5,2.0
2024-02-21,123.0,124.0,2.0
2024-02-22,124.5,124.5,0.0
2024-02-23,124.0,124.0,0.0
2024-02-27,123.5,123.0,-1.0
2024-02-28,123.5,123.0,-1.0
2024-02-29,123.5,123.0,-1.0
2024-03-01,123.5,123.5,0.0
2024-03-04,124.0,124.0,0.0
2024-03-05,123.5,123.5,0.0
2024-03-06,122.5,122.5,0.0
2024-03-07,122.5,122.0,-1.0
2024-03-08,123.5,123.5,0.0
2024-03-11,122.5,122.0,-1.0
2024-03-12,123.0,123.0,0.0
2024-03-13,122.5,123.5,2.0
2024-03-14,125.0,125.0,0.0
2024-03-15,124.5,125.0,1.0
2024-03-18,124.0,124.0,0.0
2024-03-19,124.5,124.5,0.0
2024-03-20,124.0,124.0,0.0
2024-03-21,123.5,123.5,0.0
2024-03-22,124.0,124.0,0.0
2024-03-25,122.5,122.0,-1.0
2024-03-26,124.5,125.0,1.0
2024-03-27,124.5,124.5,0.0
2024-03-28,124.5,124.0,-1.0
2024-03-29,124.5,124.0,-1.0
2024-04-01,124.0,124.0,0.0
2024-04-02,122.0,122.5,1.0
2024-04-03,123.0,122.5,-1.0
2024-04-04,122.5,122.5,0.0
2024-04-05,124.0,124.0,0.0
2024-04-09,125.5,125.5,0.0
2024-04-10,126.0,126.0,0.0
2024-04-11,127.0,126.5,-1.0
2024-04-17,125.0,125.0,0.0
2024-04-18,126.0,126.0,0.0
2024-04-19,124.5,124.0,-1.0
2024-04-22,124.0,124.0,0.0
2024-04-23,126.0,125.0,-2.0
2024-04-24,127.0,127.0,0.0
2024-04-25,127.0,126.5,-1.0
2024-04-26,130.0,129.0,-2.0
2024-04-29,130.5,129.5,-2.0
2024-04-30,131.0,130.5,-1.0
2024-05-02,131.0,131.0,0.0
2024-05-03,131.0,131.0,0.0
2024-05-07,132.5,132.0,-1.0
2024-05-08,133.5,132.5,-2.0
2024-05-09,133.5,133.0,-1.0
2024-05-10,133.0,133.5,1.0
2024-05-13,133.0,133.0,0.0
2024-05-14,131.5,132.0,1.0
2024-05-15,131.5,131.5,0.0
2024-05-16,134.0,133.5,-1.0
2024-05-17,134.0,134.0,0.0
2024-05-20,134.5,134.0,-1.0
2024-05-21,134.0,134.0,0.0
2024-05-23,134.5,134.0,-1.0
2024-05-24,134.0,134.5,1.0
2024-05-27,134.0,134.0,0.0
2024-05-28,134.0,133.5,-1.0
2024-05-29,133.0,132.5,-1.0
2024-05-30,130.5,131.0,1.0
2024-05-31,130.0,131.0,2.0
2024-06-04,130.5,130.0,-1.0
2024-06-05,129.0,129.0,0.0
2024-06-06,128.0,128.0,0.0
2024-06-07,128.5,128.5,0.0
2024-06-10,127.5,127.5,0.0
2024-06-11,125.5,125.5,0.0
2024-06-12,126.5,126.0,-1.0
2024-06-13,129.0,129.0,0.0
2024-06-14,130.0,130.0,0.0
2024-06-17,126.0,126.5,1.0
2024-06-18,125.5,126.0,1.0
2024-06-19,123.0,124.5,3.0
2024-06-20,124.5,124.5,0.0
2024-06-21,125.5,125.0,-1.0
2024-06-24,126.5,127.0,1.0
2024-06-25,127.5,127.5,0.0
2024-06-26,126.5,126.5,0.0
2024-06-27,126.5,126.0,-1.0
2024-06-28,125.5,125.5,0.0
2024-07-01,126.0,125.5,-1.0
2024-07-02,124.5,124.5,0.0
2024-07-03,126.0,126.0,0.0
2024-07-04,127.5,127.5,0.0
2024-07-05,129.5,129.5,0.0
2024-07-08,129.5,130.0,1.0
2024-07-09,129.0,128.5,-1.0
2024-07-10,128.0,128.5,1.0
2024-07-11,128.0,128.0,0.0
2024-07-12,128.0,128.0,0.0
2024-07-15,125.0,124.5,-1.0
2024-07-16,126.0,125.5,-1.0
2024-07-17,127.0,126.5,-1.0
2024-07-18,128.5,127.5,-2.0
2024-07-19,127.5,128.0,1.0
2024-07-23,128.0,128.5,1.0
2024-07-24,128.0,127.5,-1.0
2024-07-25,127.5,127.0,-1.0
2024-07-26,127.5,128.0,1.0
2024-07-30,132.5,132.0,-1.0
2024-07-31,132.0,131.5,-1.0
2024-08-01,133.0,133.0,0.0
2024-08-02,132.5,133.0,1.0
2024-08-05,129.5,129.5,0.0
2024-08-06,129.0,129.0,0.0
2024-08-07,129.5,130.0,1.0
2024-08-08,129.0,128.5,-1.0
2024-08-09,129.5,129.5,0.0
2024-08-13,131.5,132.5,2.0
2024-08-14,130.0,131.0,2.0
2024-08-15,130.5,130.5,0.0
2024-08-16,133.0,133.5,1.0
2024-08-19,138.0,138.5,1.0
2024-08-20,139.0,138.5,-1.0
2024-08-21,139.5,140.0,1.0
2024-08-22,139.5,140.0,1.0
2024-08-23,143.0,143.0,0.0
2024-08-26,144.0,144.5,1.0
2024-08-27,143.5,143.5,0.0
2024-08-28,143.5,143.5,0.0
2024-08-29,143.0,143.5,1.0
2024-08-30,143.0,143.0,0.0
2024-09-02,142.0,141.5,-1.0
2024-09-03,144.0,144.0,0.0
2024-09-04,143.5,143.0,-1.0
2024-09-05,147.0,146.5,-1.0
2024-09-06,151.5,152.5,2.0
2024-09-09,155.0,155.5,1.0
2024-09-10,155.5,155.5,0.0
2024-09-11,156.0,156.0,0.0
2024-09-12,157.0,158.0,2.0
2024-09-13,157.5,157.5,0.0
2024-09-16,157.5,157.5,0.0
2024-09-17,158.0,158.0,0.0
2024-09-18,157.0,157.0,0.0
2024-09-19,156.0,157.0,2.0
2024-09-20,156.5,157.5,2.0
2024-09-23,158.0,158.0,0.0
2024-09-24,157.0,156.5,-1.0
2024-09-25,156.0,156.0,0.0
2024-09-26,153.5,154.0,1.0
2024-09-27,149.5,149.5,0.0
2024-09-30,150.5,150.0,-1.0
2024-10-01,152.0,152.0,0.0
2024-10-02,150.5,151.0,1.0
2024-10-03,149.0,149.0,0.0
2024-10-04,149.5,149.5,0.0
2024-10-07,150.0,150.0,0.0
2024-10-08,151.5,152.0,1.0
2024-10-09,152.5,152.0,-1.0
2024-10-10,152.0,152.5,1.0
2024-10-11,154.0,154.0,0.0
2024-10-15,154.0,154.0,0.0
2024-10-16,152.5,151.0,-3.0
2024-10-17,153.0,154.0,2.0
2024-10-18,152.5,151.5,-2.0
2024-10-21,149.5,150.0,1.0
2024-10-22,146.0,147.0,2.0
2024-10-24,146.0,146.5,1.0
2024-10-25,148.0,147.5,-1.0
2024-10-28,148.5,149.0,1.0
2024-10-29,148.5,148.5,0.0
2024-10-30,145.5,145.5,0.0
2024-10-31,147.0,146.5,-1.0
2024-11-01,147.0,147.0,0.0
2024-11-04,147.0,146.5,-1.0
2024-11-05,146.5,146.5,0.0
2024-11-06,147.0,146.5,-1.0
2024-11-07,147.5,148.0,1.0
2024-11-08,148.5,148.5,0.0
2024-11-11,147.5,147.5,0.0
2024-11-12,147.0,147.0,0.0
2024-11-13,148.0,148.0,0.0
2024-11-14,145.5,146.0,1.0
2024-11-15,147.0,147.5,1.0
2024-11-18,148.5,149.0,1.0
2024-11-19,149.0,149.5,1.0
2024-11-20,148.0,148.5,1.0
2024-11-21,149.0,149.0,0.0
2024-11-22,149.5,149.5,0.0
2024-11-25,149.5,150.0,1.0
2024-11-26,149.5,149.5,0.0
2024-11-27,149.0,149.5,1.0
2024-11-28,149.5,150.0,1.0
2024-11-29,150.5,150.5,0.0
2024-12-02,151.0,151.5,1.0
2024-12-03,153.0,153.5,1.0
2024-12-04,155.5,155.0,-1.0
2024-12-06,156.5,156.0,-1.0
2024-12-09,157.0,156.5,-1.0
2024-12-11,154.5,154.5,0.0
2024-12-12,156.0,156.5,1.0
2024-12-13,157.5,158.0,1.0
2024-12-16,156.5,157.0,1.0
2024-12-17,154.5,153.5,-2.0
2024-12-18,154.0,154.5,1.0
2024-12-19,153.0,154.0,2.0
2024-12-20,152.0,152.5,1.0
2024-12-23,154.0,154.5,1.0
2024-12-24,154.5,154.5,0.0
2024-12-25,155.5,156.0,1.0
2024-12-26,157.0,157.0,0.0
2024-12-27,156.5,156.0,-1.0
2024-12-30,155.5,155.5,0.0
2025-01-02,155.0,155.0,0.0
2025-01-03,154.5,154.5,0.0
2025-01-06,158.0,158.0,0.0
2025-01-07,159.0,159.5,1.0
2025-01-08,158.5,159.0,1.0
2025-01-09,159.5,160.0,1.0
2025-01-10,159.5,159.5,0.0
2025-01-13,163.0,162.0,-2.0
2025-01-14,161.5,162.0,1.0
2025-01-15,162.0,163.5,3.0
2025-01-16,161.5,161.5,0.0
2025-01-17,160.5,161.0,1.0
2025-01-20,160.0,160.0,0.0
2025-01-21,159.0,158.5,-1.0
2025-01-22,160.5,159.5,-2.0
2025-01-23,160.0,159.0,-2.0
2025-01-24,158.5,158.5,0.0
2025-01-27,159.0,159.0,0.0
2025-01-28,160.5,161.0,1.0
2025-01-29,160.5,160.0,-1.0
2025-01-30,161.0,161.5,1.0
2025-01-31,159.5,160.5,2.0
2025-02-03,158.5,159.0,1.0
2025-02-04,163.0,163.0,0.0
2025-02-05,160.5,160.5,0.0
2025-02-06,161.0,161.0,0.0
2025-02-07,159.5,160.0,1.0
2025-02-10,159.5,159.0,-1.0
2025-02-11,158.5,158.0,-1.0
2025-02-13,155.0,155.0,0.0
2025-02-14,154.0,153.5,-1.0
2025-02-17,157.0,158.0,2.0
2025-02-18,162.0,162.5,1.0
2025-02-19,162.5,163.5,2.0
2025-02-20,164.0,164.0,0.0
2025-02-21,160.0,159.0,-2.0
2025-02-24,158.5,157.5,-2.0
2025-02-25,155.0,154.5,-1.0
2025-02-26,150.5,150.0,-1.0
2025-02-27,151.5,151.5,0.0
2025-02-28,150.0,151.5,3.0
2025-03-03,152.5,152.5,0.0
2025-03-04,151.0,152.5,3.0
2025-03-05,151.5,151.5,0.0
2025-03-06,149.0,148.5,-1.0
2025-03-07,147.5,148.0,1.0
2025-03-10,148.0,148.0,0.0
2025-03-11,150.0,150.5,1.0
2025-03-12,150.0,151.0,2.0
2025-03-13,149.5,149.5,0.0
2025-03-14,148.5,149.0,1.0
2025-03-17,152.5,152.5,0.0
2025-03-18,156.5,156.0,-1.0
2025-03-19,157.5,157.5,0.0
2025-03-20,161.0,160.5,-1.0
2025-03-21,163.0,164.0,2.0
2025-03-24,162.5,162.5,0.0
2025-03-25,162.5,162.0,-1.0
2025-03-26,162.5,162.5,0.0
2025-03-27,164.5,164.5,0.0
2025-03-31,162.0,161.5,-1.0
2025-04-01,164.0,163.5,-1.0
2025-04-02,164.0,164.0,0.0
2025-04-03,162.0,161.5,-1.0
2025-04-04,158.5,159.5,2.0
2025-04-08,145.5,146.0,1.0
2025-04-09,149.0,149.5,1.0
2025-04-10,154.0,152.0,-4.0
2025-04-11,151.5,151.0,-1.0
2025-04-16,155.0,154.5,-1.0
2025-04-17,151.5,151.0,-1.0
2025-04-18,149.0,148.5,-1.0
2025-04-21,148.5,148.5,0.0
2025-04-22,148.5,149.0,1.0
2025-04-23,152.0,151.5,-1.0
2025-04-24,154.0,154.0,0.0
2025-04-25,154.0,154.0,0.0
2025-04-28,154.5,154.5,0.0
2025-04-29,154.5,154.5,0.0
2025-04-30,159.5,159.5,0.0
2025-05-02,159.0,159.0,0.0
2025-05-06,162.5,162.0,-1.0
2025-05-07,163.5,164.5,2.0
2025-05-08,164.5,165.0,1.0
2025-05-09,164.0,164.5,1.0
2025-05-13,163.5,164.0,1.0
2025-05-14,163.5,164.0,1.0
2025-05-15,162.0,162.0,0.0
2025-05-16,163.0,163.5,1.0
2025-05-19,163.5,163.5,0.0
2025-05-20,166.0,167.5,3.0
2025-05-21,165.0,164.5,-1.0
2025-05-22,164.5,164.0,-1.0
2025-05-23,164.0,164.0,0.0
2025-05-26,163.5,163.5,0.0
2025-05-27,160.0,161.0,2.0
2025-05-28,156.0,156.0,0.0
2025-05-29,154.5,154.5,0.0
2025-05-30,154.5,154.0,-1.0
2025-06-04,153.0,152.5,-1.0
2025-06-05,156.5,156.5,0.0
2025-06-06,155.5,155.0,-1.0
2025-06-09,154.5,155.0,1.0
2025-06-10,155.5,156.0,1.0
2025-06-11,156.0,156.0,0.0
2025-06-12,153.0,152.5,-1.0
2025-06-13,152.5,152.5,0.0
2025-06-16,152.5,152.5,0.0
2025-06-17,153.0,153.5,1.0
2025-06-18,152.0,151.0,-2.0
2025-06-19,149.0,148.5,-1.0
2025-06-20,152.0,151.5,-1.0
2025-06-23,152.0,152.0,0.0
2025-06-24,154.5,155.0,1.0
2025-06-25,154.0,154.5,1.0
2025-06-26,155.5,155.5,0.0
2025-06-27,154.5,154.0,-1.0
2025-06-30,153.0,153.5,1.0
2025-07-01,154.0,154.5,1.0
2025-07-02,155.5,155.5,0.0
2025-07-03,156.0,155.5,-1.0
2025-07-04,156.5,156.0,-1.0
2025-07-07,156.5,156.5,0.0
2025-07-08,156.0,156.5,1.0
2025-07-09,158.0,157.5,-1.0
2025-07-11,157.5,157.5,0.0
2025-07-14,158.0,158.5,1.0
2025-07-15,156.5,156.5,0.0
2025-07-16,157.5,157.0,-1.0
2025-07-17,158.0,158.0,0.0
2025-07-18,160.5,160.0,-1.0
2025-07-21,160.0,160.5,1.0
2025-07-22,158.5,158.0,-1.0
2025-07-23,159.5,159.5,0.0
2025-07-24,160.0,160.5,1.0
2025-07-25,158.5,159.0,1.0
2025-07-29,160.0,160.5,1.0
2025-07-30,160.0,160.5,1.0
2025-07-31,161.0,162.0,2.0
2025-08-01,160.0,160.5,1.0
2025-08-04,162.5,162.5,0.0
2025-08-05,163.5,164.0,1.0
2025-08-06,166.5,166.5,0.0
2025-08-07,165.5,166.5,2.0
2025-08-08,168.5,168.0,-1.0
2025-08-13,168.5,169.0,1.0
2025-08-14,169.0,169.0,0.0
2025-08-15,169.0,169.0,0.0
2025-08-18,168.5,168.5,0.0
2025-08-19,169.0,169.0,0.0
2025-08-20,170.0,169.5,-1.0
2025-08-21,167.0,167.0,0.0
2025-08-22,167.5,167.0,-1.0
2025-08-25,165.5,165.5,0.0
2025-08-26,164.0,164.0,0.0
2025-08-27,164.0,163.5,-1.0
2025-08-28,167.5,167.5,0.0
2025-08-29,169.0,168.5,-1.0
2025-09-01,170.5,170.5,0.0
2025-09-02,169.5,170.5,2.0
2025-09-03,171.0,170.5,-1.0
2025-09-04,171.5,171.0,-1.0
2025-09-05,169.0,170.0,2.0
2025-09-08,172.0,172.0,0.0
2025-09-09,170.0,171.0,2.0
2025-09-10,168.5,168.5,0.0
2025-09-11,168.0,167.5,-1.0
2025-09-12,166.5,166.0,-1.0
2025-09-15,167.5,167.0,-1.0
2025-09-16,165.0,164.0,-2.0
2025-09-17,163.5,163.5,0.0
2025-09-18,162.5,162.5,0.0
2025-09-19,164.0,164.5,1.0
2025-09-22,163.5,163.0,-1.0
2025-09-23,162.5,163.0,1.0
2025-09-24,164.0,163.0,-2.0
2025-09-25,166.0,166.5,1.0
2025-09-26,167.0,166.0,-2.0
2025-09-29,167.0,168.0,2.0
2025-09-30,167.0,167.5,1.0
2025-10-01,165.5,165.5,0.0
2025-10-02,166.0,165.5,-1.0
2025-10-03,165.5,165.5,0.0
2025-10-06,165.0,165.0,0.0
2025-10-07,166.5,166.0,-1.0
2025-10-08,167.0,167.5,1.0
2025-10-09,166.5,166.5,0.0
2025-10-10,167.0,166.5,-1.0
2025-10-14,166.5,166.5,0.0
2025-10-15,170.0,170.5,1.0
2025-10-16,170.5,171.0,1.0
2025-10-17,171.5,171.5,0.0
2025-10-20,172.0,173.0,2.0
2025-10-21,177.0,177.5,1.0
2025-10-22,180.5,180.5,0.0
2025-10-24,183.5,183.0,-1.0
2025-10-27,181.0,180.5,-1.0
2025-10-28,180.5,180.5,0.0
2025-10-29,179.5,179.0,-1.0
2025-10-30,186.0,185.5,-1.0
2025-10-31,186.5,186.5,0.0
2025-11-03,187.0,187.5,1.0
2025-11-04,185.0,185.0,0.0
2025-11-05,182.5,182.5,0.0
2025-11-06,183.0,183.0,0.0
2025-11-07,180.0,180.0,0.0
2025-11-10,182.0,182.0,0.0
2025-11-11,181.0,181.0,0.0
2025-11-12,181.5,181.5,0.0
2025-11-13,182.5,182.5,0.0
2025-11-14,181.5,182.0,1.0
2025-11-17,185.0,185.5,1.0
2025-11-18,185.5,186.0,1.0
2025-11-19,185.0,185.0,0.0
2025-11-20,187.0,187.0,0.0
2025-11-21,186.0,186.5,1.0
2025-11-24,188.0,188.0,0.0
2025-11-25,188.0,188.0,0.0
2025-11-26,188.5,188.5,0.0
2025-11-27,187.0,187.0,0.0
2025-11-28,186.5,186.5,0.0
2025-12-01,188.5,189.0,1.0
2025-12-02,190.0,190.0,0.0
2025-12-03,191.0,191.0,0.0
2025-12-04,190.5,191.0,1.0
2025-12-08,190.5,191.5,2.0
2025-12-09,191.5,191.5,0.0
2025-12-11,191.5,192.5,2.0
2025-12-12,192.0,192.0,0.0
2025-12-15,191.5,191.0,-1.0
2025-12-16,190.5,190.5,0.0
2025-12-17,190.5,190.5,0.0
2025-12-18,196.5,197.0,1.0
2025-12-19,194.5,195.5,2.0
2025-12-22,191.5,192.5,2.0
2025-12-23,192.5,192.5,0.0
2025-12-24,192.0,192.5,1.0
2025-12-25,193.5,193.5,0.0
2025-12-26,194.0,194.0,0.0
2025-12-29,193.5,193.5,0.0
2025-12-30,195.0,194.5,-1.0
2026-01-05,194.5,194.5,0.0
2026-01-06,193.5,194.5,2.0
2026-01-07,192.0,191.5,-1.0
2026-01-08,195.0,194.5,-1.0
2026-01-09,191.5,191.5,0.0
2026-01-12,192.0,191.5,-1.0
2026-01-13,192.0,191.5,-1.0
2026-01-14,192.5,192.0,-1.0
2026-01-15,192.0,191.5,-1.0
2026-01-16,193.0,194.0,2.0
2026-01-19,191.5,191.5,0.0
2026-01-20,192.5,192.0,-1.0
2026-01-21,189.5,189.0,-1.0
2026-01-22,188.5,189.0,1.0
2026-01-23,190.0,190.0,0.0
2026-01-26,190.0,190.0,0.0
2026-01-27,191.5,192.0,1.0
2026-01-28,191.0,191.0,0.0
2026-01-29,187.5,187.0,-1.0
2026-01-30,189.5,188.0,-3.0
2026-02-03,187.5,187.0,-1.0
2026-02-04,190.0,190.0,0.0
2026-02-05,189.5,190.0,1.0
2026-02-06,187.0,188.5,3.0
2026-02-09,193.0,194.0,2.0
2026-02-10,194.0,194.5,1.0
2026-02-11,193.5,193.0,-1.0
2026-02-12,197.0,198.5,3.0
2026-02-13,196.5,195.5,-2.0
2026-02-16,199.5,199.0,-1.0
2026-02-17,206.0,206.0,0.0
2026-02-18,205.0,207.0,2.0
2026-02-19,205.0,205.0,0.0
2026-02-20,206.0,205.0,-1.0
2026-02-23,200.0,201.0,1.0
2026-02-24,201.0,201.0,0.0
2026-02-25,196.0,196.5,1.0
2026-02-26,198.0,198.5,1.0
2026-02-27,202.0,201.0,-1.0
2026-03-02,198.0,197.0,-2.0
2026-03-04,189.5,190.0,1.0
2026-03-05,189.5,190.0,1.0
2026-03-06,188.5,188.0,-1.0
2026-03-09,185.0,184.5,-1.0
2026-03-10,187.5,188.0,1.0
2026-03-11,190.0,189.5,-1.0
2026-03-12,189.5,189.0,-1.0
2026-03-13,189.0,189.0,0.0
2026-03-16,185.5,185.0,-1.0
2026-03-17,188.5,188.5,0.0
2026-03-18,190.0,189.5,-1.0
2026-03-19,187.5,187.0,-1.0
2026-03-20,189.0,189.5,1.0
2026-03-23,187.0,186.5,-1.0
2026-03-24,189.5,189.0,-1.0
2026-03-25,191.0,191.5,1.0
2026-03-26,191.0,192.0,2.0
2026-03-27,190.5,191.0,1.0
2026-03-30,190.0,190.0,0.0
2026-03-31,191.0,191.0,0.0
2026-04-01,192.0,192.5,1.0
2026-04-02,193.0,192.0,-2.0
2026-04-03,191.0,190.5,-1.0
2026-04-07,191.5,191.5,0.0
2026-04-08,193.0,193.0,0.0
2026-04-09,191.0,191.0,0.0
2026-04-10,191.5,192.0,1.0
2026-04-16,190.0,189.0,-2.0
2026-04-17,188.5,189.0,1.0
2026-04-21,183.0,183.5,1.0
2026-04-22,190.0,189.0,-2.0
2026-04-23,191.0,191.5,1.0
2026-04-24,189.5,190.0,1.0
2026-04-27,190.5,190.5,0.0
2026-04-28,192.5,194.0,3.0
2026-04-29,193.5,195.0,3.0
2026-04-30,193.5,194.0,1.0
2026-05-05,193.0,193.5,1.0
2026-05-06,196.0,196.5,1.0
2026-05-07,194.5,194.0,-1.0
2026-05-08,194.5,195.0,1.0
2026-05-11,196.0,197.0,2.0
2026-05-12,195.5,196.0,1.0
2026-05-13,196.0,195.0,-2.0
2026-05-14,197.0,197.0,0.0
2026-05-15,196.5,196.5,0.0
2026-05-18,198.5,198.5,0.0
2026-05-19,198.5,198.0,-1.0
2026-05-20,198.0,198.5,1.0
2026-05-21,197.0,197.0,0.0
2026-05-22,195.5,197.0,3.0
2026-05-25,196.0,196.0,0.0
2026-05-26,198.5,198.0,-1.0
2026-05-27,198.5,198.5,0.0
2026-05-28,199.0,199.0,0.0
2026-05-29,202.0,201.0,-1.0
2026-06-02,204.0,204.0,0.0
2026-06-04,203.0,203.0,0.0
2026-06-05,201.0,201.0,0.0
2026-06-08,201.0,200.0,-1.0
2026-06-09,197.5,197.0,-1.0
2026-06-10,198.0,198.0,0.0
2026-06-11,197.5,197.5,0.0
2026-06-12,203.0,203.0,0.0
2026-06-15,201.0,202.0,1.0
2026-06-16,205.0,206.0,1.0
2026-06-17,204.0,205.0,1.0
2026-06-18,205.0,206.0,1.0
2026-06-19,207.0,207.0,0.0
2026-06-22,211.0,210.0,-1.0
2026-06-23,208.0,207.0,-1.0
2026-06-24,210.0,208.0,-2.0
2026-06-25,211.0,212.0,1.0
2026-06-26,214.0,215.0,1.0
2026-06-29,217.0,217.0,0.0
2026-06-30,218.0,218.0,0.0
2026-07-01,219.0,218.0,-1.0
2026-07-02,230.0,233.0,3.0
2026-07-03,233.0,233.0,0.0
2026-07-06,228.0,229.0,1.0
2026-07-07,229.0,230.0,1.0
2026-07-08,228.0,228.0,0.0
2026-07-09,231.0,230.0,-1.0
2026-07-10,233.0,232.0,-1.0
2026-07-13,233.0,233.0,0.0
2026-07-14,231.0,231.0,0.0
2026-07-15,230.0,231.0,1.0
2026-07-16,235.0,235.0,0.0
2026-07-17,234.0,234.0,0.0
2026-07-20,237.0,238.0,1.0
2026-07-21,235.0,235.0,0.0
2026-07-22,233.0,232.0,-1.0
2026-07-23,234.0,234.0,0.0
2026-07-24,240.0,240.0,0.0
2026-07-27,243.0,242.0,-1.0
2026-07-30,242.0,242.0,0.0
2026-07-31,244.0,244.0,0.0
2026-08-03,243.0,244.0,1.0
2026-08-04,247.0,247.0,0.0
2026-08-05,247.0,247.0,0.0
2026-08-06,253.0,252.0,-1.0
2026-08-07,252.0,250.0,-2.0
2026-08-10,249.0,248.0,-1.0
2026-08-11,250.0,249.0,-1.0
2026-08-13,249.0,249.0,0.0
2026-08-14,248.0,248.0,0.0
2026-08-17,250.0,249.0,-1.0
2026-08-18,247.0,247.0,0.0
2026-08-19,250.0,249.0,-1.0
2026-08-20,252.0,253.0,1.0
2026-08-21,257.0,257.0,0.0
2026-08-24,254.0,254.0,0.0
2026-08-25,254.0,253.0,-1.0
2026-08-26,256.0,255.0,-1.0
2026-08-27,249.0,248.0,-1.0
2026-08-28,248.0,247.0,-1.0
