prediction_type,ticker,model,n,first_date,last_date,MAE_return,RMSE_return,MAE_baht,MAE_naive,relMAE,R2_OOS,wins,losses,ties,win_rate_ex_ties,Bias,StdRatio,Rho,zero_move_days,dir_hit_rate_moved_days,long_signal_days,long_signal_up_rate,prev_close_mismatch,enough_data
next_day,ADVANC.BK,ANN (MLP),1,2026-10-01,2026-10-01,0.0076080953281911,0.0076080953281911,2.601968602241367,0.0087719298245614,0.8673228674137857,0.24775104366112866,1,0,0,1.0,-0.0076080953281911,,,0,1.0,0,,0,False
next_day,ADVANC.BK,Random Forest,1,2026-10-01,2026-10-01,0.0071593588716223,0.0071593588716223,2.448500734094837,0.0087719298245614,0.8161669113649426,0.33387157279301005,1,0,0,1.0,-0.0071593588716223,,,0,1.0,0,,0,False
next_day,ADVANC.BK,XGBoost,1,2026-10-01,2026-10-01,0.0070078903155631,0.0070078903155631,2.3966984879225905,0.0087719298245614,0.7988994959741937,0.36175959533217916,1,0,0,1.0,-0.0070078903155631,,,0,1.0,0,,0,False
next_day,KBANK.BK,ANN (MLP),1,2026-10-01,2026-10-01,0.0047332398467032,0.0047332398467032,1.1075781241285625,0.0042735042735042,1.1075781241285678,-0.22672930104815703,0,1,0,0.0,0.0047332398467032,,,0,0.0,0,,0,False
next_day,KBANK.BK,Random Forest,1,2026-10-01,2026-10-01,0.0044708232456192,0.0044708232456192,1.0461726394749065,0.0042735042735042,1.0461726394749107,-0.09447719158590151,0,1,0,0.0,0.0044708232456192,,,0,0.0,0,,0,False
next_day,KBANK.BK,XGBoost,1,2026-10-01,2026-10-01,0.0048404617919625,0.0048404617919625,1.1326680593192389,0.0042735042735042,1.1326680593192444,-0.28293693260202324,0,1,0,0.0,0.0048404617919625,,,0,0.0,0,,0,False
same_day_1600,ADVANC.BK,ANN (MLP),1,2026-09-30,2026-09-30,0.0006882721684198,0.0006882721684198,0.2367656259364112,0.0,,,0,1,0,0.0,0.0006882721684198,,,1,,0,,0,False
same_day_1600,ADVANC.BK,Random Forest,1,2026-09-30,2026-09-30,0.0004501277621579,0.0004501277621579,0.1548439501823175,0.0,,,0,1,0,0.0,0.0004501277621579,,,1,,0,,0,False
same_day_1600,ADVANC.BK,XGBoost,1,2026-09-30,2026-09-30,0.0006350347539409,0.0006350347539409,0.2184519553556695,0.0,,,0,1,0,0.0,0.0006350347539409,,,1,,0,,0,False
same_day_1600,KBANK.BK,ANN (MLP),1,2026-09-30,2026-09-30,0.0029599515428934,0.0029599515428934,0.6896687094941665,0.0042918454935623,0.6896687094941513,0.5243570711446721,1,0,0,1.0,-0.0029599515428934,,,0,1.0,0,,0,False
same_day_1600,KBANK.BK,Random Forest,1,2026-09-30,2026-09-30,0.0025746267000533,0.0025746267000533,0.5998880211124231,0.0042918454935623,0.5998880211124094,0.6401343621258375,1,0,0,1.0,-0.0025746267000533,,,0,1.0,0,,0,False
same_day_1600,KBANK.BK,XGBoost,1,2026-09-30,2026-09-30,0.0024558059019817,0.0024558059019817,0.5722027751617405,0.0042918454935623,0.5722027751617269,0.6725839840972181,1,0,0,1.0,-0.0024558059019817,,,0,1.0,0,,0,False
