date,symbol,open,high,low,close,volume,value
2023-09-11,KBANK,129.5,130.5,129.0,129.5,6023276,0.0
2023-09-12,KBANK,129.5,129.5,128.0,128.0,7745161,0.0
2023-09-13,KBANK,128.0,130.0,128.0,128.5,7858134,0.0
2023-09-14,KBANK,129.0,131.5,129.0,131.0,12257611,0.0
2023-09-15,KBANK,131.5,132.0,130.5,130.5,10433103,0.0
2023-09-18,KBANK,130.0,130.5,128.5,129.0,7232914,0.0
2023-09-19,KBANK,129.0,129.5,126.5,127.0,13505542,0.0
2023-09-20,KBANK,127.0,128.5,126.5,128.0,6731087,0.0
2023-09-21,KBANK,128.0,128.5,127.0,127.0,8090683,0.0
2023-09-22,KBANK,127.0,127.0,124.5,126.0,22934705,0.0
2023-09-25,KBANK,126.0,127.0,125.5,125.5,10434428,0.0
2023-09-26,KBANK,126.0,126.0,122.5,123.0,21791197,0.0
2023-09-27,KBANK,123.5,124.5,123.0,124.5,14187225,0.0
2023-09-28,KBANK,125.0,126.0,124.0,124.5,15618830,0.0
2023-09-29,KBANK,125.0,127.5,125.0,126.0,17971478,0.0
2023-10-02,KBANK,126.5,127.0,125.0,126.0,6597468,0.0
2023-10-03,KBANK,125.0,126.5,124.0,126.5,12933228,0.0
2023-10-04,KBANK,125.0,127.5,125.0,127.0,8450540,0.0
2023-10-05,KBANK,127.5,128.0,126.0,126.5,7295243,0.0
2023-10-06,KBANK,127.0,128.0,126.5,127.0,9907530,0.0
2023-10-09,KBANK,126.5,128.0,126.5,127.0,7255391,0.0
2023-10-10,KBANK,128.0,128.0,126.0,126.5,6439897,0.0
2023-10-11,KBANK,126.5,128.5,126.0,128.5,14940192,0.0
2023-10-12,KBANK,128.0,129.0,127.0,127.5,8659413,0.0
2023-10-16,KBANK,126.5,127.0,125.0,126.0,10278262,0.0
2023-10-17,KBANK,126.5,127.5,126.0,127.0,6623087,0.0
2023-10-18,KBANK,126.5,128.0,126.5,126.5,8019941,0.0
2023-10-19,KBANK,126.5,127.0,125.5,126.5,5822352,0.0
2023-10-20,KBANK,129.0,129.0,127.5,129.0,28677455,0.0
2023-10-24,KBANK,129.5,131.0,129.0,130.5,22651568,0.0
2023-10-25,KBANK,131.5,133.5,130.5,133.0,27794043,0.0
2023-10-26,KBANK,133.0,133.0,129.0,129.5,18894127,0.0
2023-10-27,KBANK,130.5,132.5,129.5,132.0,15260579,0.0
2023-10-30,KBANK,131.5,132.5,130.5,132.5,12584266,0.0
2023-10-31,KBANK,133.0,133.0,131.0,131.5,8623882,0.0
2023-11-01,KBANK,131.5,133.0,131.0,132.5,11987867,0.0
2023-11-02,KBANK,133.0,133.5,132.0,132.5,11596818,0.0
2023-11-03,KBANK,133.0,134.5,132.5,133.5,12272134,0.0
2023-11-06,KBANK,134.0,134.0,132.0,132.0,10099256,0.0
2023-11-07,KBANK,131.5,133.5,130.5,131.5,12182147,0.0
2023-11-08,KBANK,132.0,133.5,131.0,133.0,8141469,0.0
2023-11-09,KBANK,133.0,133.0,131.0,131.5,10414301,0.0
2023-11-10,KBANK,131.0,132.5,130.5,131.5,11100808,0.0
2023-11-13,KBANK,131.5,132.0,130.5,131.5,6977751,0.0
2023-11-14,KBANK,132.0,133.0,131.5,132.0,8218250,0.0
2023-11-15,KBANK,133.0,133.0,132.0,132.0,12724089,0.0
2023-11-16,KBANK,132.5,132.5,131.5,132.0,3642283,0.0
2023-11-17,KBANK,131.5,133.5,131.5,133.0,9089026,0.0
2023-11-20,KBANK,133.0,133.0,131.0,131.0,10739066,0.0
2023-11-21,KBANK,131.5,132.5,131.0,131.5,5117162,0.0
2023-11-22,KBANK,132.0,132.5,131.0,132.0,5050611,0.0
2023-11-23,KBANK,132.5,133.0,131.5,132.0,2880246,0.0
2023-11-24,KBANK,132.0,132.5,131.5,132.0,1785409,0.0
2023-11-27,KBANK,131.5,133.0,131.0,132.5,7813496,0.0
2023-11-28,KBANK,133.0,133.5,132.0,133.0,4735751,0.0
2023-11-29,KBANK,133.0,133.5,131.0,131.5,5498467,0.0
2023-11-30,KBANK,131.5,131.5,127.5,128.0,22970272,0.0
2023-12-01,KBANK,129.0,130.0,128.0,129.5,5985890,0.0
2023-12-04,KBANK,128.5,130.0,128.5,129.0,4353388,0.0
2023-12-06,KBANK,129.0,130.0,127.0,127.5,12310880,0.0
2023-12-07,KBANK,127.0,128.5,127.0,127.5,6582672,0.0
2023-12-08,KBANK,128.0,128.5,127.0,127.0,5342047,0.0
2023-12-12,KBANK,128.0,128.5,127.0,128.0,11686518,0.0
2023-12-13,KBANK,128.0,128.0,126.0,126.0,5782167,0.0
2023-12-14,KBANK,127.0,129.5,127.0,128.5,8671086,0.0
2023-12-15,KBANK,129.0,130.5,128.5,130.5,16548081,0.0
2023-12-18,KBANK,130.0,131.0,128.0,130.5,7657706,0.0
2023-12-19,KBANK,130.5,130.5,129.5,130.5,6830738,0.0
2023-12-20,KBANK,131.0,131.5,130.5,131.0,5656793,0.0
2023-12-21,KBANK,131.0,132.0,131.0,131.5,4003983,0.0
2023-12-22,KBANK,131.5,132.0,131.0,131.5,2517026,0.0
2023-12-25,KBANK,131.5,132.0,130.5,131.0,2430438,0.0
2023-12-26,KBANK,131.0,132.5,131.0,132.0,8048147,0.0
2023-12-27,KBANK,132.5,133.5,132.0,133.0,9792754,0.0
2023-12-28,KBANK,133.5,135.0,133.0,135.0,17462179,0.0
2024-01-02,KBANK,134.5,135.0,133.5,134.5,8406463,0.0
2024-01-03,KBANK,134.0,135.0,134.0,135.0,4785802,0.0
2024-01-04,KBANK,134.0,135.0,133.0,134.5,8465998,0.0
2024-01-05,KBANK,133.5,136.0,133.5,136.0,14448622,0.0
2024-01-08,KBANK,135.5,135.5,132.0,132.0,10646777,0.0
2024-01-09,KBANK,133.0,134.0,132.0,132.5,13151684,0.0
2024-01-10,KBANK,132.0,132.0,128.5,129.5,21870409,0.0
2024-01-11,KBANK,129.5,130.5,128.5,129.0,11474773,0.0
2024-01-12,KBANK,130.0,132.5,129.5,132.5,15395155,0.0
2024-01-15,KBANK,132.5,132.5,131.0,131.5,6442981,0.0
2024-01-16,KBANK,131.0,131.5,130.5,130.5,7335587,0.0
2024-01-17,KBANK,130.5,132.0,130.0,131.0,12072884,0.0
2024-01-18,KBANK,131.0,131.5,129.0,129.0,11879299,0.0
2024-01-19,KBANK,129.0,129.0,125.0,125.5,32368889,0.0
2024-01-22,KBANK,122.0,123.5,119.0,120.5,58498448,0.0
2024-01-23,KBANK,120.5,122.5,120.5,121.0,23949551,0.0
2024-01-24,KBANK,121.5,122.5,121.0,122.0,25779089,0.0
2024-01-25,KBANK,122.5,124.0,122.0,123.0,17842741,0.0
2024-01-26,KBANK,123.0,123.5,121.5,122.0,18284752,0.0
2024-01-29,KBANK,122.0,122.5,120.5,122.0,13614273,0.0
2024-01-30,KBANK,122.5,122.5,121.0,121.5,6767774,0.0
2024-01-31,KBANK,121.0,121.0,119.0,120.0,16212479,0.0
2024-02-01,KBANK,120.0,121.5,119.5,119.5,7529964,0.0
2024-02-02,KBANK,120.5,122.0,120.0,121.5,10661229,0.0
2024-02-05,KBANK,122.0,122.5,121.0,121.5,5284835,0.0
2024-02-06,KBANK,121.5,123.0,121.0,122.0,6825678,0.0
2024-02-07,KBANK,123.5,124.5,123.0,123.5,12103328,0.0
2024-02-08,KBANK,123.5,124.0,120.5,120.5,20383255,0.0
2024-02-09,KBANK,120.5,121.0,118.5,119.5,14694171,0.0
2024-02-12,KBANK,120.5,121.5,120.0,121.0,4637949,0.0
2024-02-13,KBANK,121.5,122.0,120.5,120.5,7103214,0.0
2024-02-14,KBANK,120.0,121.5,120.0,120.5,7320920,0.0
2024-02-15,KBANK,120.5,120.5,118.5,119.0,14729234,0.0
2024-02-16,KBANK,120.0,120.5,118.5,120.0,6756795,0.0
2024-02-19,KBANK,120.0,120.5,119.0,119.5,6098402,0.0
2024-02-20,KBANK,120.0,121.5,119.5,121.5,8159930,0.0
2024-02-21,KBANK,122.5,124.0,122.0,124.0,19682269,0.0
2024-02-22,KBANK,123.5,125.0,123.0,124.5,11833482,0.0
2024-02-23,KBANK,125.0,126.0,122.5,124.0,11121366,0.0
2024-02-27,KBANK,124.0,125.0,122.5,123.0,10266569,0.0
2024-02-28,KBANK,122.5,123.5,121.5,123.0,5854308,0.0
2024-02-29,KBANK,123.5,124.0,122.5,123.0,8952745,0.0
2024-03-01,KBANK,124.5,126.0,123.5,123.5,22621047,0.0
2024-03-04,KBANK,123.5,124.0,122.0,124.0,10231363,0.0
2024-03-05,KBANK,123.5,124.5,122.5,123.5,6174483,0.0
2024-03-06,KBANK,123.0,124.0,122.5,122.5,10534084,0.0
2024-03-07,KBANK,122.5,123.5,122.0,122.0,8979492,0.0
2024-03-08,KBANK,122.0,123.5,121.5,123.5,5680203,0.0
2024-03-11,KBANK,123.5,123.5,122.0,122.0,5428061,0.0
2024-03-12,KBANK,123.0,123.5,122.5,123.0,4306705,0.0
2024-03-13,KBANK,123.5,124.0,122.5,123.5,7628920,0.0
2024-03-14,KBANK,124.0,125.0,122.5,125.0,18936357,0.0
2024-03-15,KBANK,125.0,125.0,123.5,125.0,10606138,0.0
2024-03-18,KBANK,125.5,125.5,124.0,124.0,10392648,0.0
2024-03-19,KBANK,124.5,126.0,124.5,124.5,15053499,0.0
2024-03-20,KBANK,125.0,125.0,123.5,124.0,6467191,0.0
2024-03-21,KBANK,125.0,125.0,123.5,123.5,10508261,0.0
2024-03-22,KBANK,123.5,125.0,123.5,124.0,6705836,0.0
2024-03-25,KBANK,124.0,124.5,122.0,122.0,9080412,0.0
2024-03-26,KBANK,122.0,125.0,122.0,125.0,9818977,0.0
2024-03-27,KBANK,124.5,125.5,124.5,124.5,4495483,0.0
2024-03-28,KBANK,125.0,125.0,123.5,124.0,4532594,0.0
2024-03-29,KBANK,124.5,125.0,124.0,124.0,2572009,0.0
2024-04-01,KBANK,124.5,125.0,124.0,124.0,2963059,0.0
2024-04-02,KBANK,124.0,124.0,121.5,122.5,14691674,0.0
2024-04-03,KBANK,122.5,123.5,121.5,122.5,8872310,0.0
2024-04-04,KBANK,123.0,123.5,122.5,122.5,3549281,0.0
2024-04-05,KBANK,122.5,124.0,122.0,124.0,5048323,0.0
2024-04-09,KBANK,124.0,125.5,123.5,125.5,14248650,0.0
2024-04-10,KBANK,125.5,126.5,124.5,126.0,12713456,0.0
2024-04-11,KBANK,126.0,128.0,125.5,126.5,12516260,0.0
2024-04-17,KBANK,126.0,126.5,124.5,125.0,13026719,0.0
2024-04-18,KBANK,125.5,127.0,125.0,126.0,16531245,0.0
2024-04-19,KBANK,125.0,125.0,123.5,124.0,14579326,0.0
2024-04-22,KBANK,122.5,124.5,121.5,124.0,24480781,0.0
2024-04-23,KBANK,125.0,130.0,125.0,125.0,35038050,0.0
2024-04-24,KBANK,126.0,127.0,124.0,127.0,14150320,0.0
2024-04-25,KBANK,127.0,127.5,126.0,126.5,14255370,0.0
2024-04-26,KBANK,127.0,130.0,126.5,129.0,32824458,0.0
2024-04-29,KBANK,129.5,130.5,129.0,129.5,12867377,0.0
2024-04-30,KBANK,132.0,132.0,130.0,130.5,14158445,0.0
2024-05-02,KBANK,130.5,131.5,130.5,131.0,5934021,0.0
2024-05-03,KBANK,130.5,131.0,130.0,131.0,8219061,0.0
2024-05-07,KBANK,131.5,132.5,131.0,132.0,11030271,0.0
2024-05-08,KBANK,132.5,134.0,132.5,132.5,13800159,0.0
2024-05-09,KBANK,132.5,134.0,132.5,133.0,9131784,0.0
2024-05-10,KBANK,133.0,134.0,133.0,133.5,5467624,0.0
2024-05-13,KBANK,133.5,133.5,132.0,133.0,8725416,0.0
2024-05-14,KBANK,132.5,133.5,130.5,132.0,11790184,0.0
2024-05-15,KBANK,132.5,132.5,131.5,131.5,6688178,0.0
2024-05-16,KBANK,132.0,134.0,132.0,133.5,9217125,0.0
2024-05-17,KBANK,133.5,134.0,133.0,134.0,8411567,0.0
2024-05-20,KBANK,134.0,134.5,133.5,134.0,4860658,0.0
2024-05-21,KBANK,134.0,134.5,133.5,134.0,7545214,0.0
2024-05-23,KBANK,134.0,135.0,134.0,134.0,5208639,0.0
2024-05-24,KBANK,134.0,135.0,133.5,134.5,5799701,0.0
2024-05-27,KBANK,134.5,135.0,134.0,134.0,4566956,0.0
2024-05-28,KBANK,134.0,134.0,133.0,133.5,4386475,0.0
2024-05-29,KBANK,133.5,134.0,132.5,132.5,4856918,0.0
2024-05-30,KBANK,132.0,132.0,129.5,131.0,14243960,0.0
2024-05-31,KBANK,131.0,132.0,130.0,131.0,12591367,0.0
2024-06-04,KBANK,132.0,132.0,129.5,130.0,5078703,0.0
2024-06-05,KBANK,130.5,131.5,129.0,129.0,6532140,0.0
2024-06-06,KBANK,129.0,129.0,127.5,128.0,8264495,0.0
2024-06-07,KBANK,128.0,130.0,127.5,128.5,7603369,0.0
2024-06-10,KBANK,128.5,128.5,127.0,127.5,4433258,0.0
2024-06-11,KBANK,127.5,127.5,125.5,125.5,9400663,0.0
2024-06-12,KBANK,125.5,127.5,125.0,126.0,6058317,0.0
2024-06-13,KBANK,127.0,130.0,127.0,129.0,11666540,0.0
2024-06-14,KBANK,130.0,130.5,129.0,130.0,5286111,0.0
2024-06-17,KBANK,129.5,130.0,126.0,126.5,11479622,0.0
2024-06-18,KBANK,126.0,126.5,125.0,126.0,19552442,0.0
2024-06-19,KBANK,125.0,125.5,121.5,124.5,34990529,0.0
2024-06-20,KBANK,124.5,125.0,123.5,124.5,10184731,0.0
2024-06-21,KBANK,124.5,125.5,123.5,125.0,7481747,0.0
2024-06-24,KBANK,125.5,127.0,125.0,127.0,5938545,0.0
2024-06-25,KBANK,127.5,128.0,126.5,127.5,8241084,0.0
2024-06-26,KBANK,127.5,127.5,126.5,126.5,7088626,0.0
2024-06-27,KBANK,126.0,127.0,125.5,126.0,7506763,0.0
2024-06-28,KBANK,127.0,127.0,125.5,125.5,8600015,0.0
2024-07-01,KBANK,126.5,126.5,125.5,125.5,5079959,0.0
2024-07-02,KBANK,124.5,125.0,123.0,124.5,7922044,0.0
2024-07-03,KBANK,124.5,126.0,124.0,126.0,9636038,0.0
2024-07-04,KBANK,127.0,128.0,126.5,127.5,6183372,0.0
2024-07-05,KBANK,127.5,130.0,127.5,129.5,8331466,0.0
2024-07-08,KBANK,129.0,130.0,128.5,130.0,6598759,0.0
2024-07-09,KBANK,129.0,129.5,127.5,128.5,9254067,0.0
2024-07-10,KBANK,128.5,129.5,127.5,128.5,3662348,0.0
2024-07-11,KBANK,128.5,129.0,127.0,128.0,5920665,0.0
2024-07-12,KBANK,128.5,129.0,128.0,128.0,7572523,0.0
2024-07-15,KBANK,127.5,127.5,124.5,124.5,10625774,0.0
2024-07-16,KBANK,126.0,126.5,125.0,125.5,6118354,0.0
2024-07-17,KBANK,126.0,127.0,125.5,126.5,9528120,0.0
2024-07-18,KBANK,127.5,128.5,127.5,127.5,8201276,0.0
2024-07-19,KBANK,129.0,129.5,126.5,128.0,14837234,0.0
2024-07-23,KBANK,129.0,130.0,127.5,128.5,8638165,0.0
2024-07-24,KBANK,129.0,129.0,127.5,127.5,3904574,0.0
2024-07-25,KBANK,127.5,128.5,127.0,127.0,5437763,0.0
2024-07-26,KBANK,127.0,128.5,127.0,128.0,7160346,0.0
2024-07-30,KBANK,129.0,133.5,128.0,132.0,25122164,0.0
2024-07-31,KBANK,133.0,133.0,131.5,131.5,8703129,0.0
2024-08-01,KBANK,134.5,134.5,132.5,133.0,9651371,0.0
2024-08-02,KBANK,132.5,133.0,132.0,133.0,6775364,0.0
2024-08-05,KBANK,131.5,132.0,129.5,129.5,9438207,0.0
2024-08-06,KBANK,131.0,132.0,129.0,129.0,6230062,0.0
2024-08-07,KBANK,130.0,131.0,129.5,130.0,6344493,0.0
2024-08-08,KBANK,128.0,129.0,127.0,128.5,17141550,0.0
2024-08-09,KBANK,129.5,130.5,128.5,129.5,8501525,0.0
2024-08-13,KBANK,130.5,132.5,130.0,132.5,8191623,0.0
2024-08-14,KBANK,132.5,132.5,129.5,131.0,8946940,0.0
2024-08-15,KBANK,131.0,131.0,128.5,130.5,9197693,0.0
2024-08-16,KBANK,131.0,134.0,130.5,133.5,12031413,0.0
2024-08-19,KBANK,134.0,138.5,133.0,138.5,35050793,0.0
2024-08-20,KBANK,139.0,140.0,138.0,138.5,17235673,0.0
2024-08-21,KBANK,139.0,140.5,138.5,140.0,8771446,0.0
2024-08-22,KBANK,140.0,141.0,139.5,140.0,12662406,0.0
2024-08-23,KBANK,140.5,143.0,140.0,143.0,22853565,0.0
2024-08-26,KBANK,143.5,144.5,141.5,144.5,12438928,0.0
2024-08-27,KBANK,144.0,144.5,142.5,143.5,12036012,0.0
2024-08-28,KBANK,143.0,144.0,142.5,143.5,9051071,0.0
2024-08-29,KBANK,144.0,145.5,143.0,143.5,13694397,0.0
2024-08-30,KBANK,143.5,144.0,142.5,143.0,13254750,0.0
2024-09-02,KBANK,142.5,143.0,140.5,141.5,11724956,0.0
2024-09-03,KBANK,142.0,144.5,142.0,144.0,14864565,0.0
2024-09-04,KBANK,143.0,144.0,142.5,143.0,10880995,0.0
2024-09-05,KBANK,144.5,147.5,144.5,146.5,21914894,0.0
2024-09-06,KBANK,147.0,152.5,147.0,152.5,35333544,0.0
2024-09-09,KBANK,157.0,159.0,154.0,155.5,33356849,0.0
2024-09-10,KBANK,155.0,156.0,154.5,155.5,18350098,0.0
2024-09-11,KBANK,155.0,156.0,154.5,156.0,18289123,0.0
2024-09-12,KBANK,156.5,158.0,155.5,158.0,18757145,0.0
2024-09-13,KBANK,158.0,158.5,157.0,157.5,16273083,0.0
2024-09-16,KBANK,157.0,158.0,156.5,157.5,10953011,0.0
2024-09-17,KBANK,157.5,158.0,157.0,158.0,5625451,0.0
2024-09-18,KBANK,158.5,158.5,156.5,157.0,20353581,0.0
2024-09-19,KBANK,155.5,157.0,154.5,157.0,18075068,0.0
2024-09-20,KBANK,157.0,157.5,156.0,157.5,13715445,0.0
2024-09-23,KBANK,157.5,159.0,157.0,158.0,12572926,0.0
2024-09-24,KBANK,158.0,158.5,156.5,156.5,10152995,0.0
2024-09-25,KBANK,156.5,157.5,155.5,156.0,7299266,0.0
2024-09-26,KBANK,156.0,156.5,153.0,154.0,12752788,0.0
2024-09-27,KBANK,153.5,153.5,148.0,149.5,21777942,0.0
2024-09-30,KBANK,149.0,151.5,148.0,150.0,16144023,0.0
2024-10-01,KBANK,150.0,153.0,149.5,152.0,11852809,0.0
2024-10-02,KBANK,152.0,153.0,150.0,151.0,13701614,0.0
2024-10-03,KBANK,150.5,151.5,149.0,149.0,11836660,0.0
2024-10-04,KBANK,149.0,150.5,148.5,149.5,9138541,0.0
2024-10-07,KBANK,150.5,152.0,149.5,150.0,8974936,0.0
2024-10-08,KBANK,150.0,152.0,149.0,152.0,11195252,0.0
2024-10-09,KBANK,152.5,154.0,152.0,152.0,7537680,0.0
2024-10-10,KBANK,153.0,153.0,151.5,152.5,6005478,0.0
2024-10-11,KBANK,153.0,154.5,152.5,154.0,16424929,0.0
2024-10-15,KBANK,155.0,155.5,153.5,154.0,13920951,0.0
2024-10-16,KBANK,153.5,154.0,151.0,151.0,14500938,0.0
2024-10-17,KBANK,150.5,154.0,150.5,154.0,10957637,0.0
2024-10-18,KBANK,154.0,154.0,151.5,151.5,7076252,0.0
2024-10-21,KBANK,152.5,153.0,149.0,150.0,10467847,0.0
2024-10-22,KBANK,149.0,149.5,145.0,147.0,22558223,0.0
2024-10-24,KBANK,147.5,148.5,146.0,146.5,14309315,0.0
2024-10-25,KBANK,147.0,148.5,146.5,147.5,8299590,0.0
2024-10-28,KBANK,148.0,149.0,148.0,149.0,3807966,0.0
2024-10-29,KBANK,149.0,149.5,148.0,148.5,3268115,0.0
2024-10-30,KBANK,148.0,148.5,145.5,145.5,6247784,0.0
2024-10-31,KBANK,145.5,147.5,145.5,146.5,7157268,0.0
2024-11-01,KBANK,146.5,147.5,146.5,147.0,4078281,0.0
2024-11-04,KBANK,147.0,147.5,146.0,146.5,3860068,0.0
2024-11-05,KBANK,146.5,147.5,146.0,146.5,5281295,0.0
2024-11-06,KBANK,147.0,149.0,146.5,146.5,7038531,0.0
2024-11-07,KBANK,147.0,148.5,147.0,148.0,14131748,0.0
2024-11-08,KBANK,148.5,149.0,148.0,148.5,8793871,0.0
2024-11-11,KBANK,148.0,148.5,146.5,147.5,5865132,0.0
2024-11-12,KBANK,147.5,148.0,147.0,147.0,3754401,0.0
2024-11-13,KBANK,147.5,148.5,147.5,148.0,4060742,0.0
2024-11-14,KBANK,147.5,147.5,145.5,146.0,9960176,0.0
2024-11-15,KBANK,146.0,148.0,146.0,147.5,7017707,0.0
2024-11-18,KBANK,148.0,149.5,148.0,149.0,12733773,0.0
2024-11-19,KBANK,150.0,151.0,148.5,149.5,9811053,0.0
2024-11-20,KBANK,148.5,149.5,147.0,148.5,7822823,0.0
2024-11-21,KBANK,149.0,150.0,148.5,149.0,4775655,0.0
2024-11-22,KBANK,150.0,150.0,148.5,149.5,7663467,0.0
2024-11-25,KBANK,150.0,151.0,149.5,150.0,10920903,0.0
2024-11-26,KBANK,150.5,151.0,149.5,149.5,4691710,0.0
2024-11-27,KBANK,149.5,149.5,149.0,149.5,5260189,0.0
2024-11-28,KBANK,150.0,150.5,149.5,150.0,3829789,0.0
2024-11-29,KBANK,149.5,151.0,149.5,150.5,6850105,0.0
2024-12-02,KBANK,150.5,151.5,149.0,151.5,5565056,0.0
2024-12-03,KBANK,150.5,153.5,150.5,153.5,17868077,0.0
2024-12-04,KBANK,153.5,155.5,153.0,155.0,16042386,0.0
2024-12-06,KBANK,155.5,156.5,154.5,156.0,7546694,0.0
2024-12-09,KBANK,157.0,157.5,155.5,156.5,17095378,0.0
2024-12-11,KBANK,156.0,156.5,154.0,154.5,9898300,0.0
2024-12-12,KBANK,155.0,157.5,155.0,156.5,14246060,0.0
2024-12-13,KBANK,157.0,158.5,156.0,158.0,12716266,0.0
2024-12-16,KBANK,157.0,157.5,156.5,157.0,6013232,0.0
2024-12-17,KBANK,157.0,157.5,153.5,153.5,7105405,0.0
2024-12-18,KBANK,155.0,155.0,153.5,154.5,6806338,0.0
2024-12-19,KBANK,153.0,154.0,152.5,154.0,9571090,0.0
2024-12-20,KBANK,153.0,153.0,151.5,152.5,8416287,0.0
2024-12-23,KBANK,152.0,154.5,152.0,154.5,3978351,0.0
2024-12-24,KBANK,155.0,156.0,154.5,154.5,4056317,0.0
2024-12-25,KBANK,155.0,156.5,155.0,156.0,5149015,0.0
2024-12-26,KBANK,156.0,157.5,156.0,157.0,5346243,0.0
2024-12-27,KBANK,157.0,157.5,156.0,156.0,4969483,0.0
2024-12-30,KBANK,156.0,157.0,155.5,155.5,3799743,0.0
2025-01-02,KBANK,155.0,156.0,154.5,155.0,4246289,0.0
2025-01-03,KBANK,155.0,156.0,154.0,154.5,4681731,0.0
2025-01-06,KBANK,155.0,159.0,154.5,158.0,14874833,0.0
2025-01-07,KBANK,159.0,160.0,158.5,159.5,17844309,0.0
2025-01-08,KBANK,158.5,160.5,157.0,159.0,8234123,0.0
2025-01-09,KBANK,159.0,160.0,158.0,160.0,7737238,0.0
2025-01-10,KBANK,161.0,161.0,158.0,159.5,7862240,0.0
2025-01-13,KBANK,159.5,163.0,159.5,162.0,15465111,0.0
2025-01-14,KBANK,162.5,162.5,160.5,162.0,10963700,0.0
2025-01-15,KBANK,162.0,163.5,160.5,163.5,12330030,0.0
2025-01-16,KBANK,163.0,163.0,160.0,161.5,10689899,0.0
2025-01-17,KBANK,160.5,161.5,160.0,161.0,10078014,0.0
2025-01-20,KBANK,160.5,161.0,158.5,160.0,6402521,0.0
2025-01-21,KBANK,160.0,160.0,156.5,158.5,16191593,0.0
2025-01-22,KBANK,158.0,161.0,156.0,159.5,15494740,0.0
2025-01-23,KBANK,160.0,161.5,159.0,159.0,7935972,0.0
2025-01-24,KBANK,159.0,161.0,158.0,158.5,7188501,0.0
2025-01-27,KBANK,158.0,160.0,158.0,159.0,3672739,0.0
2025-01-28,KBANK,159.5,161.5,159.0,161.0,8452592,0.0
2025-01-29,KBANK,161.5,161.5,160.0,160.0,3238664,0.0
2025-01-30,KBANK,160.5,161.5,160.0,161.5,3400079,0.0
2025-01-31,KBANK,161.0,161.5,159.5,160.5,6843818,0.0
2025-02-03,KBANK,157.5,159.5,156.5,159.0,19631297,0.0
2025-02-04,KBANK,160.0,163.5,159.5,163.0,15270831,0.0
2025-02-05,KBANK,163.5,163.5,160.0,160.5,12882539,0.0
2025-02-06,KBANK,161.5,162.0,160.0,161.0,6950884,0.0
2025-02-07,KBANK,160.5,161.0,158.0,160.0,9425329,0.0
2025-02-10,KBANK,159.5,160.0,158.0,159.0,11392796,0.0
2025-02-11,KBANK,159.0,160.0,158.0,158.0,8679927,0.0
2025-02-13,KBANK,159.5,160.0,154.5,155.0,15522573,0.0
2025-02-14,KBANK,155.5,155.5,153.0,153.5,14835410,0.0
2025-02-17,KBANK,155.0,158.0,154.0,158.0,8471771,0.0
2025-02-18,KBANK,159.5,162.5,158.0,162.5,18117214,0.0
2025-02-19,KBANK,162.5,163.5,161.5,163.5,13261996,0.0
2025-02-20,KBANK,163.5,164.5,161.0,164.0,13938167,0.0
2025-02-21,KBANK,163.0,163.5,159.0,159.0,13125627,0.0
2025-02-24,KBANK,159.5,160.5,157.5,157.5,7664145,0.0
2025-02-25,KBANK,157.5,158.5,154.5,154.5,11133624,0.0
2025-02-26,KBANK,154.5,157.0,149.5,150.0,19703998,0.0
2025-02-27,KBANK,148.5,154.0,147.5,151.5,14922565,0.0
2025-02-28,KBANK,150.5,151.5,148.5,151.5,14398834,0.0
2025-03-03,KBANK,152.5,154.0,151.5,152.5,10451368,0.0
2025-03-04,KBANK,152.5,153.5,150.0,152.5,8236386,0.0
2025-03-05,KBANK,152.5,152.5,150.5,151.5,8063826,0.0
2025-03-06,KBANK,151.0,151.0,148.5,148.5,8240168,0.0
2025-03-07,KBANK,147.0,148.5,146.0,148.0,13982273,0.0
2025-03-10,KBANK,148.5,150.5,148.0,148.0,9529733,0.0
2025-03-11,KBANK,147.0,150.5,146.0,150.5,10878210,0.0
2025-03-12,KBANK,151.0,151.5,149.0,151.0,11378043,0.0
2025-03-13,KBANK,150.5,151.0,149.0,149.5,9414391,0.0
2025-03-14,KBANK,149.5,150.0,148.0,149.0,11220532,0.0
2025-03-17,KBANK,153.0,154.0,151.5,152.5,20067659,0.0
2025-03-18,KBANK,153.5,157.5,153.0,156.0,16733756,0.0
2025-03-19,KBANK,156.5,158.5,155.5,157.5,14368920,0.0
2025-03-20,KBANK,159.5,162.0,159.0,160.5,19030960,0.0
2025-03-21,KBANK,161.0,164.0,161.0,164.0,12281433,0.0
2025-03-24,KBANK,163.5,163.5,161.0,162.5,6906813,0.0
2025-03-25,KBANK,162.5,163.5,162.0,162.0,6909350,0.0
2025-03-26,KBANK,162.0,163.0,161.0,162.5,7611927,0.0
2025-03-27,KBANK,163.0,165.0,162.5,164.5,9194005,0.0
2025-03-28,KBANK,164.0,165.0,163.5,164.0,3437384,0.0
2025-03-31,KBANK,162.0,163.5,161.0,161.5,13555667,0.0
2025-04-01,KBANK,162.0,164.0,161.5,163.5,9222649,0.0
2025-04-02,KBANK,163.5,164.0,163.0,164.0,7959597,0.0
2025-04-03,KBANK,163.0,163.5,161.0,161.5,18800458,0.0
2025-04-04,KBANK,161.0,161.0,157.0,159.5,20571375,0.0
2025-04-08,KBANK,152.0,155.5,145.0,146.0,35652446,0.0
2025-04-09,KBANK,146.0,150.5,145.0,149.5,22221769,0.0
2025-04-10,KBANK,155.0,155.5,152.0,152.0,26300089,0.0
2025-04-11,KBANK,149.5,152.0,148.5,151.0,16749199,0.0
2025-04-16,KBANK,150.5,155.5,150.5,154.5,25095705,0.0
2025-04-17,KBANK,147.5,152.0,147.0,151.0,18878312,0.0
2025-04-18,KBANK,151.0,151.5,148.0,148.5,12586657,0.0
2025-04-21,KBANK,150.5,151.5,148.0,148.5,16250674,0.0
2025-04-22,KBANK,147.5,149.0,147.0,149.0,16502885,0.0
2025-04-23,KBANK,150.0,152.0,149.5,151.5,12695170,0.0
2025-04-24,KBANK,151.0,154.5,150.0,154.0,21762388,0.0
2025-04-25,KBANK,154.5,155.0,153.5,154.0,11790963,0.0
2025-04-28,KBANK,154.0,155.0,154.0,154.5,10871939,0.0
2025-04-29,KBANK,155.0,155.5,153.5,154.5,9610783,0.0
2025-04-30,KBANK,154.5,160.0,153.5,159.5,28342930,0.0
2025-05-02,KBANK,160.5,161.0,157.5,159.0,13152169,0.0
2025-05-06,KBANK,159.5,163.5,159.5,162.0,23602840,0.0
2025-05-07,KBANK,162.5,164.5,162.0,164.5,18451336,0.0
2025-05-08,KBANK,165.0,166.0,164.0,165.0,8275095,0.0
2025-05-09,KBANK,165.0,165.0,163.0,164.5,12660405,0.0
2025-05-13,KBANK,163.5,165.0,163.0,164.0,21537699,0.0
2025-05-14,KBANK,163.0,164.0,162.0,164.0,13160283,0.0
2025-05-15,KBANK,161.5,163.0,161.0,162.0,9566929,0.0
2025-05-16,KBANK,162.0,163.5,161.5,163.5,11855924,0.0
2025-05-19,KBANK,163.0,164.5,161.5,163.5,16552489,0.0
2025-05-20,KBANK,164.0,167.5,163.0,167.5,42766486,0.0
2025-05-21,KBANK,167.0,167.5,164.0,164.5,28538724,0.0
2025-05-22,KBANK,163.5,165.5,163.5,164.0,22235830,0.0
2025-05-23,KBANK,165.0,166.0,163.0,164.0,19878547,0.0
2025-05-26,KBANK,164.5,165.0,162.5,163.5,6142747,0.0
2025-05-27,KBANK,163.0,163.0,159.5,161.0,20110883,0.0
2025-05-28,KBANK,161.0,161.0,155.5,156.0,29830993,0.0
2025-05-29,KBANK,156.5,156.5,153.5,154.5,14692208,0.0
2025-05-30,KBANK,153.5,155.5,153.5,154.0,15825767,0.0
2025-06-04,KBANK,154.0,156.0,152.5,152.5,13103732,0.0
2025-06-05,KBANK,152.5,157.5,151.5,156.5,21607237,0.0
2025-06-06,KBANK,157.0,157.5,154.0,155.0,7630334,0.0
2025-06-09,KBANK,156.0,156.5,154.5,155.0,5701296,0.0
2025-06-10,KBANK,155.0,156.5,154.5,156.0,10253806,0.0
2025-06-11,KBANK,155.5,156.0,155.0,156.0,6663949,0.0
2025-06-12,KBANK,155.5,156.5,152.0,152.5,13594673,0.0
2025-06-13,KBANK,151.5,154.5,151.5,152.5,24950059,0.0
2025-06-16,KBANK,153.0,154.0,152.0,152.5,17135111,0.0
2025-06-17,KBANK,152.5,153.5,152.5,153.5,8018632,0.0
2025-06-18,KBANK,153.0,153.5,151.0,151.0,13400151,0.0
2025-06-19,KBANK,148.0,150.0,147.0,148.5,19530410,0.0
2025-06-20,KBANK,148.5,153.0,148.5,151.5,15153950,0.0
2025-06-23,KBANK,151.0,152.5,150.5,152.0,7647561,0.0
2025-06-24,KBANK,153.5,155.0,152.5,155.0,11261662,0.0
2025-06-25,KBANK,154.0,155.0,153.0,154.5,10013618,0.0
2025-06-26,KBANK,155.0,157.0,154.5,155.5,10356693,0.0
2025-06-27,KBANK,155.0,155.5,153.0,154.0,8216957,0.0
2025-06-30,KBANK,154.0,154.0,151.5,153.5,10495047,0.0
2025-07-01,KBANK,153.0,155.5,152.0,154.5,14692434,0.0
2025-07-02,KBANK,153.0,156.0,153.0,155.5,12882411,0.0
2025-07-03,KBANK,155.0,156.5,155.0,155.5,11159216,0.0
2025-07-04,KBANK,156.0,156.5,155.0,156.0,4599834,0.0
2025-07-07,KBANK,155.5,157.0,155.0,156.5,7594536,0.0
2025-07-08,KBANK,155.5,157.0,155.5,156.5,10220095,0.0
2025-07-09,KBANK,156.5,159.5,156.5,157.5,12871912,0.0
2025-07-11,KBANK,158.5,159.0,157.0,157.5,12948001,0.0
2025-07-14,KBANK,157.5,158.5,157.5,158.5,5757718,0.0
2025-07-15,KBANK,157.5,158.0,154.0,156.5,16202132,0.0
2025-07-16,KBANK,157.0,159.0,156.0,157.0,11990263,0.0
2025-07-17,KBANK,157.0,158.5,156.5,158.0,10951223,0.0
2025-07-18,KBANK,159.0,161.5,158.5,160.0,17399785,0.0
2025-07-21,KBANK,159.0,160.5,159.0,160.5,15301859,0.0
2025-07-22,KBANK,158.5,159.0,157.0,158.0,29013330,0.0
2025-07-23,KBANK,158.5,160.5,158.5,159.5,12231146,0.0
2025-07-24,KBANK,159.0,161.0,159.0,160.5,15293733,0.0
2025-07-25,KBANK,160.0,160.0,158.0,159.0,6650612,0.0
2025-07-29,KBANK,159.0,160.5,158.5,160.5,8982598,0.0
2025-07-30,KBANK,160.5,161.0,160.0,160.5,8180172,0.0
2025-07-31,KBANK,160.0,162.0,159.5,162.0,9337858,0.0
2025-08-01,KBANK,162.0,162.5,160.0,160.5,6498194,0.0
2025-08-04,KBANK,161.0,162.5,160.0,162.5,9683123,0.0
2025-08-05,KBANK,161.5,164.0,161.5,164.0,11617822,0.0
2025-08-06,KBANK,165.0,166.5,165.0,166.5,11761576,0.0
2025-08-07,KBANK,166.5,168.5,165.5,166.5,18784052,0.0
2025-08-08,KBANK,166.5,169.5,166.5,168.0,13317662,0.0
2025-08-13,KBANK,169.0,170.0,167.5,169.0,14990827,0.0
2025-08-14,KBANK,168.5,169.0,167.5,169.0,8448553,0.0
2025-08-15,KBANK,168.5,170.0,168.5,169.0,7169345,0.0
2025-08-18,KBANK,169.0,170.0,168.0,168.5,5384381,0.0
2025-08-19,KBANK,168.5,171.5,168.0,169.0,18384655,0.0
2025-08-20,KBANK,169.0,171.0,168.0,169.5,13766000,0.0
2025-08-21,KBANK,170.0,170.5,166.5,167.0,20542914,0.0
2025-08-22,KBANK,167.5,168.5,166.0,167.0,15392367,0.0
2025-08-25,KBANK,167.5,168.0,164.5,165.5,16169327,0.0
2025-08-26,KBANK,165.0,166.0,163.5,164.0,18517200,0.0
2025-08-27,KBANK,164.5,165.5,163.0,163.5,15173731,0.0
2025-08-28,KBANK,164.0,168.0,164.0,167.5,12470132,0.0
2025-08-29,KBANK,168.0,169.5,167.5,168.5,17765009,0.0
2025-09-01,KBANK,168.0,171.0,167.5,170.5,8655404,0.0
2025-09-02,KBANK,171.0,171.0,169.0,170.5,6630062,0.0
2025-09-03,KBANK,171.0,172.0,169.5,170.5,8225908,0.0
2025-09-04,KBANK,171.0,171.5,169.5,171.0,10703066,0.0
2025-09-05,KBANK,171.0,171.0,167.5,170.0,16481875,0.0
2025-09-08,KBANK,171.0,173.0,171.0,172.0,12921204,0.0
2025-09-09,KBANK,172.0,173.0,170.0,171.0,11781186,0.0
2025-09-10,KBANK,169.5,169.5,168.0,168.5,6924321,0.0
2025-09-11,KBANK,168.5,169.0,167.0,167.5,10050904,0.0
2025-09-12,KBANK,167.0,168.0,166.0,166.0,10573802,0.0
2025-09-15,KBANK,166.5,168.0,165.5,167.0,6311594,0.0
2025-09-16,KBANK,167.0,167.0,164.0,164.0,16555058,0.0
2025-09-17,KBANK,165.0,165.0,163.0,163.5,16868882,0.0
2025-09-18,KBANK,164.0,164.5,162.5,162.5,8232947,0.0
2025-09-19,KBANK,163.5,165.5,163.0,164.5,6678867,0.0
2025-09-22,KBANK,165.0,165.5,163.0,163.0,7090745,0.0
2025-09-23,KBANK,163.5,164.5,162.5,163.0,5785014,0.0
2025-09-24,KBANK,164.0,165.5,162.0,163.0,10652523,0.0
2025-09-25,KBANK,164.0,166.5,163.5,166.5,9111925,0.0
2025-09-26,KBANK,166.5,168.0,165.0,166.0,9944517,0.0
2025-09-29,KBANK,167.5,169.0,166.5,168.0,10581428,0.0
2025-09-30,KBANK,168.0,168.5,166.5,167.5,7113291,0.0
2025-10-01,KBANK,166.5,167.0,165.0,165.5,6695639,0.0
2025-10-02,KBANK,166.0,167.5,165.5,165.5,6227057,0.0
2025-10-03,KBANK,165.5,166.0,165.0,165.5,4820476,0.0
2025-10-06,KBANK,165.5,166.0,164.5,165.0,6125235,0.0
2025-10-07,KBANK,165.5,166.5,165.0,166.0,4444443,0.0
2025-10-08,KBANK,167.0,168.0,166.0,167.5,6061839,0.0
2025-10-09,KBANK,167.0,167.0,166.0,166.5,6001747,0.0
2025-10-10,KBANK,167.0,167.5,165.5,166.5,8735181,0.0
2025-10-14,KBANK,166.5,167.0,166.0,166.5,10281402,0.0
2025-10-15,KBANK,167.5,171.0,167.0,170.5,16967606,0.0
2025-10-16,KBANK,172.0,173.0,170.0,171.0,13188366,0.0
2025-10-17,KBANK,170.5,172.5,170.5,171.5,10005158,0.0
2025-10-20,KBANK,173.0,173.5,171.0,173.0,5590633,0.0
2025-10-21,KBANK,174.0,178.0,174.0,177.5,18881870,0.0
2025-10-22,KBANK,178.0,182.0,177.0,180.5,29239852,0.0
2025-10-24,KBANK,184.5,185.5,182.5,183.0,16591232,0.0
2025-10-27,KBANK,183.0,183.0,180.5,180.5,20419931,0.0
2025-10-28,KBANK,180.5,181.0,178.0,180.5,11019771,0.0
2025-10-29,KBANK,180.0,180.0,178.5,179.0,11507318,0.0
2025-10-30,KBANK,178.5,186.0,178.5,185.5,25105738,0.0
2025-10-31,KBANK,184.5,188.0,184.5,186.5,15980504,0.0
2025-11-03,KBANK,186.5,187.5,183.5,187.5,16727509,0.0
2025-11-04,KBANK,186.5,188.5,184.5,185.0,14679840,0.0
2025-11-05,KBANK,184.5,185.5,182.0,182.5,18398010,0.0
2025-11-06,KBANK,183.0,184.0,181.0,183.0,13294005,0.0
2025-11-07,KBANK,182.5,183.0,179.5,180.0,10892929,0.0
2025-11-10,KBANK,180.5,182.5,180.0,182.0,10174983,0.0
2025-11-11,KBANK,182.5,183.5,180.0,181.0,11731930,0.0
2025-11-12,KBANK,181.0,182.0,180.5,181.5,5913418,0.0
2025-11-13,KBANK,181.5,183.0,181.5,182.5,4784656,0.0
2025-11-14,KBANK,182.0,183.0,181.5,182.0,7669704,0.0
2025-11-17,KBANK,182.5,185.5,181.5,185.5,18466593,0.0
2025-11-18,KBANK,185.0,186.5,184.0,186.0,12375259,0.0
2025-11-19,KBANK,186.5,186.5,184.0,185.0,13676809,0.0
2025-11-20,KBANK,185.5,187.5,184.5,187.0,7741642,0.0
2025-11-21,KBANK,186.5,187.0,185.5,186.5,9997809,0.0
2025-11-24,KBANK,186.5,188.5,186.0,188.0,12199201,0.0
2025-11-25,KBANK,188.0,188.5,187.0,188.0,5066119,0.0
2025-11-26,KBANK,189.0,189.0,187.5,188.5,4965446,0.0
2025-11-27,KBANK,188.5,188.5,186.0,187.0,3310226,0.0
2025-11-28,KBANK,187.5,188.0,186.0,186.5,6781048,0.0
2025-12-01,KBANK,186.5,189.0,186.5,189.0,10024081,0.0
2025-12-02,KBANK,189.0,191.5,188.5,190.0,11602381,0.0
2025-12-03,KBANK,189.5,191.5,188.5,191.0,9549473,0.0
2025-12-04,KBANK,191.0,192.0,190.0,191.0,12178603,0.0
2025-12-08,KBANK,193.0,194.0,189.0,191.5,14529593,0.0
2025-12-09,KBANK,191.0,192.0,190.0,191.5,9591447,0.0
2025-12-11,KBANK,192.0,193.0,191.0,192.5,9300443,0.0
2025-12-12,KBANK,192.0,193.0,190.0,192.0,8101543,0.0
2025-12-15,KBANK,191.5,192.0,190.5,191.0,14470148,0.0
2025-12-16,KBANK,191.0,191.5,190.5,190.5,9601383,0.0
2025-12-17,KBANK,191.0,192.0,190.5,190.5,8658348,0.0
2025-12-18,KBANK,191.5,197.0,191.0,197.0,12012663,0.0
2025-12-19,KBANK,197.0,197.0,194.0,195.5,8771990,0.0
2025-12-22,KBANK,195.5,195.5,191.0,192.5,10601928,0.0
2025-12-23,KBANK,193.0,194.0,192.0,192.5,5373808,0.0
2025-12-24,KBANK,192.5,193.5,191.0,192.5,4038303,0.0
2025-12-25,KBANK,192.5,193.5,192.0,193.5,2312401,0.0
2025-12-26,KBANK,193.5,194.5,192.5,194.0,2810327,0.0
2025-12-29,KBANK,194.0,194.0,192.5,193.5,5353489,0.0
2025-12-30,KBANK,193.0,195.5,193.0,194.5,8286321,0.0
2026-01-05,KBANK,195.5,198.0,194.5,194.5,9317792,0.0
2026-01-06,KBANK,192.0,194.5,192.0,194.5,7358553,0.0
2026-01-07,KBANK,194.5,195.0,191.5,191.5,9617809,0.0
2026-01-08,KBANK,192.0,196.0,191.5,194.5,12427299,0.0
2026-01-09,KBANK,196.5,197.5,191.5,191.5,15036536,0.0
2026-01-12,KBANK,192.0,192.5,190.0,191.5,9515626,0.0
2026-01-13,KBANK,192.0,192.0,191.0,191.5,12565718,0.0
2026-01-14,KBANK,191.0,192.5,188.5,192.0,13030785,0.0
2026-01-15,KBANK,192.0,193.5,191.5,191.5,6464536,0.0
2026-01-16,KBANK,192.0,194.0,191.5,194.0,12401568,0.0
2026-01-19,KBANK,194.0,194.0,191.5,191.5,7942991,0.0
2026-01-20,KBANK,192.5,193.5,191.5,192.0,8189144,0.0
2026-01-21,KBANK,191.5,192.0,189.0,189.0,31548859,0.0
2026-01-22,KBANK,189.0,190.5,188.5,189.0,22805796,0.0
2026-01-23,KBANK,189.0,191.0,189.0,190.0,11974179,0.0
2026-01-26,KBANK,190.0,191.0,189.5,190.0,11355878,0.0
2026-01-27,KBANK,191.0,192.0,190.5,192.0,14437946,0.0
2026-01-28,KBANK,192.0,192.0,189.5,191.0,8693051,0.0
2026-01-29,KBANK,191.0,191.5,187.0,187.0,23518077,0.0
2026-01-30,KBANK,190.0,190.0,188.0,188.0,11207959,0.0
2026-02-02,KBANK,187.5,188.5,187.5,187.5,9446090,0.0
2026-02-03,KBANK,188.0,189.0,187.0,187.0,9849669,0.0
2026-02-04,KBANK,188.5,192.5,188.0,190.0,25448187,0.0
2026-02-05,KBANK,190.5,190.5,188.5,190.0,11504823,0.0
2026-02-06,KBANK,189.5,190.0,187.0,188.5,19052739,0.0
2026-02-09,KBANK,190.0,194.0,189.0,194.0,26295528,0.0
2026-02-10,KBANK,194.0,196.5,192.5,194.5,29917155,0.0
2026-02-11,KBANK,193.5,194.0,192.0,193.0,17422614,0.0
2026-02-12,KBANK,193.5,198.5,193.0,198.5,24680251,0.0
2026-02-13,KBANK,198.0,199.0,195.5,195.5,22220447,0.0
2026-02-16,KBANK,198.0,201.0,197.5,199.0,24022365,0.0
2026-02-17,KBANK,199.0,208.0,198.5,206.0,24703908,0.0
2026-02-18,KBANK,207.0,208.0,204.0,207.0,25468571,0.0
2026-02-19,KBANK,206.0,208.0,204.0,205.0,24348827,0.0
2026-02-20,KBANK,205.0,206.0,202.0,205.0,28947036,0.0
2026-02-23,KBANK,204.0,206.0,199.5,201.0,20463773,0.0
2026-02-24,KBANK,202.0,202.0,198.0,201.0,26558213,0.0
2026-02-25,KBANK,200.0,201.0,194.5,196.5,47279803,0.0
2026-02-26,KBANK,197.0,200.0,196.5,198.5,26171405,0.0
2026-02-27,KBANK,200.0,204.0,199.5,201.0,31360931,0.0
2026-03-02,KBANK,196.5,199.5,196.0,197.0,23281575,0.0
2026-03-04,KBANK,193.0,193.0,185.5,190.0,53333527,0.0
2026-03-05,KBANK,194.0,194.0,188.5,190.0,40194418,0.0
2026-03-06,KBANK,188.5,189.5,187.5,188.0,27390246,0.0
2026-03-09,KBANK,179.0,185.0,178.0,184.5,30792046,0.0
2026-03-10,KBANK,187.0,189.0,186.5,188.0,19814677,0.0
2026-03-11,KBANK,188.5,191.0,187.0,189.5,18549695,0.0
2026-03-12,KBANK,188.5,189.5,187.5,189.0,16195378,0.0
2026-03-13,KBANK,188.0,190.5,188.0,189.0,12946747,0.0
2026-03-16,KBANK,188.5,188.5,185.0,185.0,23446911,0.0
2026-03-17,KBANK,187.0,189.0,186.5,188.5,12423809,0.0
2026-03-18,KBANK,189.0,190.5,188.5,189.5,7578096,0.0
2026-03-19,KBANK,189.0,189.0,187.0,187.0,16058205,0.0
2026-03-20,KBANK,189.0,190.0,188.0,189.5,14725599,0.0
2026-03-23,KBANK,187.0,188.0,186.5,186.5,12795564,0.0
2026-03-24,KBANK,188.0,191.5,187.5,189.0,18078725,0.0
2026-03-25,KBANK,191.0,191.5,189.5,191.5,13420640,0.0
2026-03-26,KBANK,190.0,192.5,190.0,192.0,13218225,0.0
2026-03-27,KBANK,192.0,192.5,190.5,191.0,11707029,0.0
2026-03-30,KBANK,190.0,190.5,189.0,190.0,8791476,0.0
2026-03-31,KBANK,190.5,192.0,189.5,191.0,9397876,0.0
2026-04-01,KBANK,193.0,193.5,192.0,192.5,10994464,0.0
2026-04-02,KBANK,192.0,194.0,191.0,192.0,6983216,0.0
2026-04-03,KBANK,192.0,192.0,190.0,190.5,11186926,0.0
2026-04-07,KBANK,191.0,192.0,190.0,191.5,6177865,0.0
2026-04-08,KBANK,193.0,194.0,192.5,193.0,11119032,0.0
2026-04-09,KBANK,192.0,193.0,191.0,191.0,12507088,0.0
2026-04-10,KBANK,191.5,193.0,191.0,192.0,10365241,0.0
2026-04-16,KBANK,193.0,193.0,189.0,189.0,31731321,0.0
2026-04-17,KBANK,190.5,191.5,188.0,189.0,21030497,0.0
2026-04-20,KBANK,189.0,189.5,187.5,188.0,26804309,0.0
2026-04-21,KBANK,178.5,183.5,178.0,183.5,59277238,0.0
2026-04-22,KBANK,188.0,192.0,187.0,189.0,46830955,0.0
2026-04-23,KBANK,190.5,192.0,188.5,191.5,24059357,0.0
2026-04-24,KBANK,190.5,190.5,188.5,190.0,23126873,0.0
2026-04-27,KBANK,190.0,191.0,189.0,190.5,11521566,0.0
2026-04-28,KBANK,189.5,194.0,189.0,194.0,20937895,0.0
2026-04-29,KBANK,194.0,195.0,193.0,195.0,10671085,0.0
2026-04-30,KBANK,194.5,196.0,192.5,194.0,19930813,0.0
2026-05-05,KBANK,193.0,195.5,192.0,193.5,21606490,0.0
2026-05-06,KBANK,193.5,196.5,193.5,196.5,17862875,0.0
2026-05-07,KBANK,196.5,197.0,194.0,194.0,17961448,0.0
2026-05-08,KBANK,194.0,195.5,194.0,195.0,10872389,0.0
2026-05-11,KBANK,195.5,198.0,194.5,197.0,21983908,0.0
2026-05-12,KBANK,196.5,196.5,194.5,196.0,12822747,0.0
2026-05-13,KBANK,196.5,197.0,195.0,195.0,10798325,0.0
2026-05-14,KBANK,196.5,198.0,196.5,197.0,19766487,0.0
2026-05-15,KBANK,196.5,198.0,195.0,196.5,19971824,0.0
2026-05-18,KBANK,197.0,199.0,196.5,198.5,19013876,0.0
2026-05-19,KBANK,198.5,199.5,197.5,198.0,13404530,0.0
2026-05-20,KBANK,198.0,199.0,196.0,198.5,19259435,0.0
2026-05-21,KBANK,199.0,199.0,196.5,197.0,10033759,0.0
2026-05-22,KBANK,197.0,198.5,195.5,197.0,17258618,0.0
2026-05-25,KBANK,197.5,197.5,195.5,196.0,10395346,0.0
2026-05-26,KBANK,196.5,199.0,196.0,198.0,22453028,0.0
2026-05-27,KBANK,198.5,199.0,196.5,198.5,18603886,0.0
2026-05-28,KBANK,198.5,200.0,198.0,199.0,19243503,0.0
2026-05-29,KBANK,200.0,202.0,199.0,201.0,19031261,0.0
2026-06-02,KBANK,201.0,204.0,201.0,204.0,18521122,0.0
2026-06-04,KBANK,201.0,204.0,200.0,203.0,14172270,0.0
2026-06-05,KBANK,203.0,204.0,201.0,201.0,16863845,0.0
2026-06-08,KBANK,201.0,203.0,199.5,200.0,14049146,0.0
2026-06-09,KBANK,201.0,201.0,196.0,197.0,32577064,0.0
2026-06-10,KBANK,197.5,199.0,197.0,198.0,10095895,0.0
2026-06-11,KBANK,198.0,199.0,197.0,197.5,10161636,0.0
2026-06-12,KBANK,198.5,203.0,198.0,203.0,18264883,0.0
2026-06-15,KBANK,204.0,205.0,201.0,202.0,13783028,0.0
2026-06-16,KBANK,203.0,206.0,202.0,206.0,19103368,0.0
2026-06-17,KBANK,206.0,206.0,203.0,205.0,11575848,0.0
2026-06-18,KBANK,204.0,207.0,203.0,206.0,14367065,0.0
2026-06-19,KBANK,206.0,207.0,204.0,207.0,11811940,0.0
2026-06-22,KBANK,208.0,211.0,207.0,210.0,23091600,0.0
2026-06-23,KBANK,210.0,211.0,207.0,207.0,21359588,0.0
2026-06-24,KBANK,209.0,212.0,208.0,208.0,13390654,0.0
2026-06-25,KBANK,209.0,213.0,208.0,212.0,19401003,0.0
2026-06-26,KBANK,213.0,215.0,213.0,215.0,13343847,0.0
2026-06-29,KBANK,215.0,217.0,213.0,217.0,15734128,0.0
2026-06-30,KBANK,217.0,219.0,216.0,218.0,12535508,0.0
2026-07-01,KBANK,218.0,220.0,216.0,218.0,12513564,0.0
2026-07-02,KBANK,221.0,233.0,221.0,233.0,48074557,0.0
2026-07-03,KBANK,233.0,234.0,230.0,233.0,17701038,0.0
2026-07-06,KBANK,232.0,232.0,227.0,229.0,17788745,0.0
2026-07-07,KBANK,228.0,232.0,227.0,230.0,20893931,0.0
2026-07-08,KBANK,231.0,232.0,227.0,228.0,14803254,0.0
2026-07-09,KBANK,229.0,231.0,227.0,230.0,16757769,0.0
2026-07-10,KBANK,231.0,233.0,230.0,232.0,15014379,0.0
2026-07-13,KBANK,232.0,235.0,231.0,233.0,16136560,0.0
2026-07-14,KBANK,232.0,234.0,230.0,231.0,21631490,0.0
2026-07-15,KBANK,234.0,234.0,230.0,231.0,11151448,0.0
2026-07-16,KBANK,231.0,237.0,230.0,235.0,17935845,0.0
2026-07-17,KBANK,234.0,235.0,232.0,234.0,12785779,0.0
2026-07-20,KBANK,235.0,238.0,232.0,238.0,16237504,0.0
2026-07-21,KBANK,240.0,240.0,232.0,235.0,28262182,0.0
2026-07-22,KBANK,234.0,235.0,231.0,232.0,23194939,0.0
2026-07-23,KBANK,234.0,236.0,233.0,234.0,17251983,0.0
2026-07-24,KBANK,233.0,241.0,232.0,240.0,23261400,0.0
2026-07-27,KBANK,240.0,244.0,238.0,242.0,18181846,0.0
2026-07-30,KBANK,246.0,246.0,240.0,242.0,28691429,0.0
2026-07-31,KBANK,241.0,245.0,239.0,244.0,10501621,0.0
2026-08-03,KBANK,244.0,245.0,242.0,244.0,8833930,0.0
2026-08-04,KBANK,244.0,248.0,244.0,247.0,13275610,0.0
2026-08-05,KBANK,248.0,249.0,245.0,247.0,12999716,0.0
2026-08-06,KBANK,247.0,254.0,246.0,252.0,15313520,0.0
2026-08-07,KBANK,252.0,252.0,250.0,250.0,11160278,0.0
2026-08-10,KBANK,249.0,251.0,247.0,248.0,7372571,0.0
2026-08-11,KBANK,250.0,252.0,248.0,249.0,7050243,0.0
2026-08-13,KBANK,250.0,250.0,246.0,249.0,15625741,0.0
2026-08-14,KBANK,250.0,252.0,247.0,248.0,9573273,0.0
2026-08-17,KBANK,249.0,251.0,248.0,249.0,6397298,0.0
2026-08-18,KBANK,249.0,250.0,245.0,247.0,11156954,0.0
2026-08-19,KBANK,248.0,251.0,247.0,249.0,10320759,0.0
2026-08-20,KBANK,250.0,253.0,250.0,253.0,6789083,0.0
2026-08-21,KBANK,254.0,257.0,253.0,257.0,8357397,0.0
2026-08-24,KBANK,256.0,257.0,252.0,254.0,9654160,0.0
2026-08-25,KBANK,255.0,256.0,253.0,253.0,11428859,0.0
2026-08-26,KBANK,255.0,257.0,253.0,255.0,14497141,0.0
2026-08-27,KBANK,259.0,259.0,248.0,248.0,16183370,0.0
2026-08-28,KBANK,249.0,251.0,246.0,247.0,13306347,0.0
2026-08-31,KBANK,248.0,251.0,245.0,248.0,19421053,0.0
2026-09-01,KBANK,249.0,250.0,247.0,248.0,7013778,0.0
2026-09-02,KBANK,248.0,249.0,246.0,248.0,6402053,0.0
2026-09-03,KBANK,250.0,252.0,248.0,249.0,16107808,0.0
2026-09-04,KBANK,251.0,251.0,246.0,248.0,10444024,0.0
2026-09-07,KBANK,247.0,249.0,247.0,249.0,6171687,0.0
2026-09-08,KBANK,249.0,251.0,248.0,248.0,8325421,0.0
2026-09-09,KBANK,246.0,249.0,244.0,244.0,12505428,0.0
2026-09-10,KBANK,244.0,249.0,244.0,245.0,12588747,0.0
2026-09-11,KBANK,244.0,246.0,242.0,244.0,15798000,3849362200.0
