ticker,model,coverage,n,accuracy
ADVANC.BK,ANN (MLP),1.0,410,0.5049
ADVANC.BK,ANN (MLP),0.75,307,0.5244
ADVANC.BK,ANN (MLP),0.5,205,0.5317
ADVANC.BK,ANN (MLP),0.3,123,0.5041
ADVANC.BK,ANN (MLP),0.2,82,0.5122
ADVANC.BK,ANN (MLP),0.1,41,0.5122
ADVANC.BK,LightGBM,1.0,410,0.5293
ADVANC.BK,LightGBM,0.75,333,0.5405
ADVANC.BK,LightGBM,0.5,205,0.4976
ADVANC.BK,LightGBM,0.3,123,0.5285
ADVANC.BK,LightGBM,0.2,90,0.5778
ADVANC.BK,LightGBM,0.1,42,0.4762
ADVANC.BK,Logistic Regression,1.0,410,0.478
ADVANC.BK,Logistic Regression,0.75,307,0.5049
ADVANC.BK,Logistic Regression,0.5,205,0.478
ADVANC.BK,Logistic Regression,0.3,123,0.4959
ADVANC.BK,Logistic Regression,0.2,82,0.5
ADVANC.BK,Logistic Regression,0.1,41,0.5366
