generated_at,ticker,target_date,bar_1600_time,train_rows,model,price_1600,parity_1600,predicted_flip_proba,predicted_parity,predicted_label,code_commit,worktree_dirty,is_dry_run
2026-09-30T16:22:29+07:00,KBANK.BK,2026-09-30,15:00,719,LightGBM,233.0,1.0,0.5608,0.0,คู่,04fd4d1ac349a3bdeacb2b0a597cc942b2f9d93b,True,False
2026-09-30T16:22:29+07:00,ADVANC.BK,2026-09-30,15:00,719,LightGBM,344.0,0.0,0.552637,1.0,คี่,04fd4d1ac349a3bdeacb2b0a597cc942b2f9d93b,True,False
2026-10-01T16:02:02+07:00,KBANK.BK,2026-10-01,15:00,719,ANN (MLP),234.0,0.0,0.292881,0.0,คู่,e6cfca6313140226cd5d01bbd3326ff854e6db66,False,False
2026-10-01T16:02:02+07:00,KBANK.BK,2026-10-01,15:00,719,LightGBM,234.0,0.0,0.406655,0.0,คู่,e6cfca6313140226cd5d01bbd3326ff854e6db66,False,False
2026-10-01T16:02:02+07:00,KBANK.BK,2026-10-01,15:00,719,Logistic Regression,234.0,0.0,0.454453,0.0,คู่,e6cfca6313140226cd5d01bbd3326ff854e6db66,False,False
2026-10-01T16:02:02+07:00,ADVANC.BK,2026-10-01,15:00,719,ANN (MLP),345.0,1.0,0.33773,1.0,คี่,e6cfca6313140226cd5d01bbd3326ff854e6db66,False,False
2026-10-01T16:02:02+07:00,ADVANC.BK,2026-10-01,15:00,719,LightGBM,345.0,1.0,0.614811,0.0,คู่,e6cfca6313140226cd5d01bbd3326ff854e6db66,False,False
2026-10-01T16:02:02+07:00,ADVANC.BK,2026-10-01,15:00,719,Logistic Regression,345.0,1.0,0.398853,1.0,คี่,e6cfca6313140226cd5d01bbd3326ff854e6db66,False,False
2026-10-02T16:02:07+07:00,KBANK.BK,2026-10-02,15:00,719,ANN (MLP),238.0,0.0,0.154147,0.0,คู่,406612aa509531fec2662a26629b0b0b3845de2d,False,False
2026-10-02T16:02:07+07:00,KBANK.BK,2026-10-02,15:00,719,LightGBM,238.0,0.0,0.487534,0.0,คู่,406612aa509531fec2662a26629b0b0b3845de2d,False,False
2026-10-02T16:02:07+07:00,KBANK.BK,2026-10-02,15:00,719,Logistic Regression,238.0,0.0,0.509276,1.0,คี่,406612aa509531fec2662a26629b0b0b3845de2d,False,False
2026-10-02T16:02:07+07:00,ADVANC.BK,2026-10-02,15:00,719,ANN (MLP),345.0,1.0,0.563518,0.0,คู่,406612aa509531fec2662a26629b0b0b3845de2d,False,False
2026-10-02T16:02:07+07:00,ADVANC.BK,2026-10-02,15:00,719,LightGBM,345.0,1.0,0.525896,0.0,คู่,406612aa509531fec2662a26629b0b0b3845de2d,False,False
2026-10-02T16:02:07+07:00,ADVANC.BK,2026-10-02,15:00,719,Logistic Regression,345.0,1.0,0.589969,0.0,คู่,406612aa509531fec2662a26629b0b0b3845de2d,False,False
2026-10-05T16:02:08+07:00,KBANK.BK,2026-10-05,15:00,719,ANN (MLP),237.0,1.0,0.179166,1.0,คี่,5c4dccec0f5b64ba048e66d75bd289657b1fa5e5,False,False
2026-10-05T16:02:08+07:00,KBANK.BK,2026-10-05,15:00,719,LightGBM,237.0,1.0,0.337217,1.0,คี่,5c4dccec0f5b64ba048e66d75bd289657b1fa5e5,False,False
2026-10-05T16:02:08+07:00,KBANK.BK,2026-10-05,15:00,719,Logistic Regression,237.0,1.0,0.476323,1.0,คี่,5c4dccec0f5b64ba048e66d75bd289657b1fa5e5,False,False
2026-10-05T16:02:08+07:00,ADVANC.BK,2026-10-05,15:00,719,ANN (MLP),343.0,1.0,0.606778,0.0,คู่,5c4dccec0f5b64ba048e66d75bd289657b1fa5e5,False,False
2026-10-05T16:02:08+07:00,ADVANC.BK,2026-10-05,15:00,719,LightGBM,343.0,1.0,0.562568,0.0,คู่,5c4dccec0f5b64ba048e66d75bd289657b1fa5e5,False,False
2026-10-05T16:02:08+07:00,ADVANC.BK,2026-10-05,15:00,719,Logistic Regression,343.0,1.0,0.469952,1.0,คี่,5c4dccec0f5b64ba048e66d75bd289657b1fa5e5,False,False
2026-10-06T16:02:09+07:00,KBANK.BK,2026-10-06,15:00,719,ANN (MLP),235.0,1.0,0.390671,1.0,คี่,9b841da1e131b7f06cb8cde09bc9309f7b6f721e,False,False
2026-10-06T16:02:09+07:00,KBANK.BK,2026-10-06,15:00,719,LightGBM,235.0,1.0,0.370094,1.0,คี่,9b841da1e131b7f06cb8cde09bc9309f7b6f721e,False,False
2026-10-06T16:02:09+07:00,KBANK.BK,2026-10-06,15:00,719,Logistic Regression,235.0,1.0,0.525816,0.0,คู่,9b841da1e131b7f06cb8cde09bc9309f7b6f721e,False,False
2026-10-06T16:02:09+07:00,ADVANC.BK,2026-10-06,15:00,719,ANN (MLP),341.0,1.0,0.667228,0.0,คู่,9b841da1e131b7f06cb8cde09bc9309f7b6f721e,False,False
2026-10-06T16:02:09+07:00,ADVANC.BK,2026-10-06,15:00,719,LightGBM,341.0,1.0,0.446269,1.0,คี่,9b841da1e131b7f06cb8cde09bc9309f7b6f721e,False,False
2026-10-06T16:02:09+07:00,ADVANC.BK,2026-10-06,15:00,719,Logistic Regression,341.0,1.0,0.546647,0.0,คู่,9b841da1e131b7f06cb8cde09bc9309f7b6f721e,False,False
