stock,mode,n_units,removed,n_features,mae_return
KBANK.BK,group,7,(ชุดเต็ม),29,0.008476603557550266
KBANK.BK,group,6,วันในสัปดาห์,24,0.008402133781117987
KBANK.BK,group,5,อัตราส่วน MA,17,0.008394491647095792
KBANK.BK,group,4,Return lag,12,0.008380560288080579
KBANK.BK,group,3,Momentum,7,0.008379691255446292
KBANK.BK,group,2,ความผันผวน,5,0.008376001888560247
KBANK.BK,group,1,รูปแท่งเทียน,2,0.008375797318448189
ADVANC.BK,group,7,(ชุดเต็ม),29,0.009436459947111038
ADVANC.BK,group,6,วันในสัปดาห์,24,0.00941817125049668
ADVANC.BK,group,5,Return lag,19,0.009410094569841083
ADVANC.BK,group,4,ความผันผวน,17,0.009412085226254339
ADVANC.BK,group,3,อัตราส่วน MA,10,0.009416010289440158
ADVANC.BK,group,2,ปริมาณซื้อขาย,8,0.00942872828887625
ADVANC.BK,group,1,Momentum,3,0.009447992185250734
