"Date","Price","Open","High","Low","Vol.","Change %"
"09/25/2026","252.00","253.00","254.00","251.00","8.65M","0.40%"
"09/24/2026","251.00","254.00","255.00","251.00","11.02M","-1.57%"
"09/23/2026","255.00","255.00","257.00","253.00","11.53M","-0.78%"
"09/22/2026","257.00","258.00","259.00","256.00","9.47M","-0.39%"
"09/21/2026","258.00","254.00","261.00","253.00","21.94M","1.98%"
"09/18/2026","253.00","254.00","254.00","252.00","7.53M","0.00%"
"09/17/2026","253.00","251.00","254.00","251.00","6.43M","1.20%"
"09/16/2026","250.00","252.00","253.00","250.00","9.25M","-0.79%"
"09/15/2026","252.00","251.00","254.00","249.00","14.18M","0.40%"
"09/14/2026","251.00","246.00","251.00","245.00","18.47M","2.87%"
"09/11/2026","244.00","244.00","246.00","242.00","15.80M","-0.41%"
"09/10/2026","245.00","244.00","249.00","244.00","12.35M","0.41%"
"09/09/2026","244.00","246.00","249.00","244.00","12.50M","-1.61%"
"09/08/2026","248.00","249.00","251.00","248.00","8.32M","-0.40%"
"09/07/2026","249.00","247.00","249.00","247.00","6.17M","0.40%"
"09/04/2026","248.00","251.00","251.00","246.00","10.44M","-0.40%"
"09/03/2026","249.00","250.00","252.00","248.00","16.10M","0.40%"
"09/02/2026","248.00","248.00","249.00","246.00","6.40M","0.00%"
"09/01/2026","248.00","249.00","250.00","247.00","7.01M","0.00%"
"08/31/2026","248.00","248.00","251.00","245.00","19.41M","0.40%"
