Date,Adj Close,Close,High,Low,Open,Volume
2026-08-31,246.0,248.0,251.0,245.0,248.0,19411600
2026-09-01,246.0,248.0,250.0,247.0,249.0,6723100
2026-09-02,246.0,248.0,249.0,246.0,248.0,6225000
2026-09-03,246.991943359375,249.0,252.0,248.0,250.0,16103200
2026-09-04,246.0,248.0,251.0,246.0,251.0,10441200
2026-09-07,246.991943359375,249.0,249.0,247.0,247.0,6157900
2026-09-08,246.0,248.0,251.0,248.0,249.0,8321700
2026-09-09,244.0,244.0,249.0,244.0,246.0,12496700
2026-09-10,245.0,245.0,249.0,244.0,244.0,12411300
2026-09-11,244.0,244.0,246.0,242.0,244.0,13158800
2026-09-14,251.0,251.0,251.0,245.0,246.0,18465600
2026-09-15,252.0,252.0,254.0,249.0,251.0,14170800
2026-09-16,250.0,250.0,253.0,250.0,252.0,9249300
2026-09-17,253.0,253.0,254.0,251.0,251.0,6434100
2026-09-18,253.0,253.0,254.0,252.0,254.0,7529500
2026-09-21,258.0,258.0,261.0,253.0,254.0,20845600
2026-09-22,257.0,257.0,259.0,256.0,258.0,9465200
2026-09-23,255.0,255.0,257.0,253.0,255.0,11527200
2026-09-24,251.0,251.0,255.0,251.0,254.0,11021800
2026-09-25,252.0,252.0,254.0,251.0,253.0,8646000
