model,config_id,ticker,fold,frac_actual_ge_cost,frac_actual_ge_1tick,frac_pred_gt_cost,signal_days,sign_hit_rate_on_signal,signal_days_y_zero,mean_actual_move_baht,mean_pred_move_baht
ANN (MLP),7,KBANK.BK,1,0.07079646017699115,0.26548672566371684,0.0,0,,0,0.32743362831858347,0.1159428996376598
ANN (MLP),7,KBANK.BK,2,0.11504424778761062,0.3185840707964602,0.0,0,,0,0.3407079646017697,0.08511703412552672
ANN (MLP),7,KBANK.BK,3,0.36283185840707965,0.2743362831858407,0.0,0,,0,0.49115044247787637,0.12230810120552876
ANN (MLP),7,ADVANC.BK,1,0.5486725663716814,0.3805309734513274,0.0,0,,0,0.7522123893805303,0.21465339153416432
ANN (MLP),7,ADVANC.BK,2,0.12389380530973451,0.3185840707964602,0.0,0,,0,0.7256637168141582,0.1350389089490018
ANN (MLP),7,ADVANC.BK,3,0.13274336283185842,0.3008849557522124,0.0,0,,0,0.6902654867256628,0.16648428304966717
Random Forest,0,KBANK.BK,1,0.07079646017699115,0.26548672566371684,0.0,0,,0,0.32743362831858347,0.07963230438214816
Random Forest,0,KBANK.BK,2,0.11504424778761062,0.3185840707964602,0.0,0,,0,0.3407079646017697,0.10324843144189896
Random Forest,0,KBANK.BK,3,0.36283185840707965,0.2743362831858407,0.0,0,,0,0.49115044247787637,0.14056168632492977
Random Forest,0,ADVANC.BK,1,0.5486725663716814,0.3805309734513274,0.0,0,,0,0.7522123893805303,0.17660432743780405
Random Forest,0,ADVANC.BK,2,0.12389380530973451,0.3185840707964602,0.0,0,,0,0.7256637168141582,0.16865465195963725
Random Forest,0,ADVANC.BK,3,0.13274336283185842,0.3008849557522124,0.0,0,,0,0.6902654867256628,0.15160360143868487
XGBoost,1,KBANK.BK,1,0.07079646017699115,0.26548672566371684,0.0,0,,0,0.32743362831858347,0.08272471122826919
XGBoost,1,KBANK.BK,2,0.11504424778761062,0.3185840707964602,0.008849557522123894,1,1.0,0,0.3407079646017697,0.13353175221876945
XGBoost,1,KBANK.BK,3,0.36283185840707965,0.2743362831858407,0.0,0,,0,0.49115044247787637,0.14104845656473003
XGBoost,1,ADVANC.BK,1,0.5486725663716814,0.3805309734513274,0.0,0,,0,0.7522123893805303,0.16778688911869874
XGBoost,1,ADVANC.BK,2,0.12389380530973451,0.3185840707964602,0.008849557522123894,1,0.0,0,0.7256637168141582,0.1773338460988536
XGBoost,1,ADVANC.BK,3,0.13274336283185842,0.3008849557522124,0.0,0,,0,0.6902654867256628,0.16565636455043284
