model,ticker,fold,MAE_return,RMSE_return,R2_return,MAE_baht,RMSE_baht,relMAE,R2_OOS,StdRatio,Bias,Rho,frac_y_zero,frac_actual_ge_cost,frac_actual_ge_1tick,frac_pred_gt_cost,signal_days,sign_hit_rate_on_signal,signal_days_y_zero,mean_actual_move_baht,mean_pred_move_baht
Baseline: Naive,KBANK.BK,1,0.0020219686390393994,0.0029571090838275524,-0.00113019266887604,0.32743362831858347,0.47967540647319085,1.0,0.0,0.0,-9.935696311774073e-05,,0.4424778761061947,0.07079646017699115,0.26548672566371684,0.0,0,,0,0.32743362831858347,0.0
Baseline: Mean Return,KBANK.BK,1,0.0021660646434972577,0.0029636100870978326,-0.005536864560258925,0.35063449774222466,0.4803866564097011,1.0712652024743152,-0.004401697125560933,0.0,0.0002199145761712396,,0.4424778761061947,0.07079646017699115,0.26548672566371684,0.0,0,,0,0.32743362831858347,0.05167254465740277
Baseline: Naive,KBANK.BK,2,0.0017886525508951179,0.002608437564137395,-0.006205311128483881,0.3407079646017697,0.49999999999999983,1.0,0.0,0.0,-0.00020484196059538775,,0.45132743362831856,0.11504424778761062,0.3185840707964602,0.0,0,,0,0.3407079646017697,0.0
Baseline: Mean Return,KBANK.BK,2,0.0018995949310310954,0.002601118393672859,-0.0005664904589359754,0.3616524696857384,0.49839876600168054,1.062025674064232,0.0056040458216461975,2.0846979259717276e-17,6.189184696557972e-05,,0.45132743362831856,0.11504424778761062,0.3185840707964602,0.0,0,,0,0.3407079646017697,0.05060860915139062
Baseline: Naive,KBANK.BK,3,0.0021920517383741426,0.003447391256764879,-0.006707112721333175,0.49115044247787637,0.7856568189535058,1.0,0.0,0.0,-0.00028138880164418705,,0.504424778761062,0.36283185840707965,0.2743362831858407,0.0,0,,0,0.49115044247787637,0.0
Baseline: Mean Return,KBANK.BK,3,0.002307049531401785,0.0034359909539168816,-5.988956352243058e-05,0.5172944015221705,0.7839061634532453,1.0524612585617785,0.006602936518290692,1.5777611942791667e-17,-2.658977003392037e-05,,0.504424778761062,0.36283185840707965,0.2743362831858407,0.0,0,,0,0.49115044247787637,0.05666121651166893
Baseline: Naive,ADVANC.BK,1,0.0025837751410638637,0.0036661836674169545,-0.0008539721508309395,0.7522123893805303,1.068453518106417,1.0,0.0,0.0,-0.00010709044266866176,,0.415929203539823,0.5486725663716814,0.3805309734513274,0.0,0,,0,0.7522123893805303,0.0
Baseline: Mean Return,ADVANC.BK,1,0.0027669027685323943,0.003681558952505298,-0.009266362043240939,0.8058240196976508,1.074054787682196,1.0708759924801847,-0.008405212075375923,5.917134062670559e-17,0.00035276337741898276,,0.415929203539823,0.5486725663716814,0.3805309734513274,0.0,0,,0,0.7522123893805303,0.13375641910301508
Baseline: Naive,ADVANC.BK,2,0.0021566209106688447,0.0030838631408153395,-0.0062973436248929815,0.7256637168141582,1.0390601607698722,1.0,0.0,0.0,-0.0002439555085732501,,0.4247787610619469,0.12389380530973451,0.3185840707964602,0.0,0,,0,0.7256637168141582,0.0
Baseline: Mean Return,ADVANC.BK,2,0.0022928927287641796,0.0030770151402571702,-0.001833154865758635,0.7720626090241796,1.0353318914350467,1.0631876550121515,0.004436252154908171,3.5267797630301105e-17,0.00013162291690901358,,0.4247787610619469,0.12389380530973451,0.3185840707964602,0.0,0,,0,0.7256637168141582,0.1274839476796258
Baseline: Naive,ADVANC.BK,3,0.0019188351840437878,0.0027660554999293058,-0.01547558231744639,0.6902654867256628,0.9955653883486875,1.0,0.0,0.0,0.0003414677140336104,,0.45132743362831856,0.13274336283185842,0.3008849557522124,0.0,0,,0,0.6902654867256628,0.0
Baseline: Mean Return,ADVANC.BK,3,0.0020954833365121137,0.002830700125831766,-0.06349495435603258,0.7541439379305249,1.0191088238897215,1.092060096634279,-0.047287569366266435,0.0,0.0006916649285760813,,0.45132743362831856,0.13274336283185842,0.3008849557522124,0.0,0,,0,0.6902654867256628,0.12629413174367066
