generated_at,ticker,target_date,data_cutoff,train_rows,model,prev_parity,predicted_flip_proba,predicted_parity,predicted_label,code_commit,worktree_dirty,is_dry_run
2026-09-29T23:56:41+07:00,KBANK.BK,2026-09-30,2026-09-29,2457,Logistic Regression,0.0,0.48058,0.0,คู่,00f1e897268cf204b9746bec87366cbdf98d3907,False,False
2026-09-29T23:56:41+07:00,ADVANC.BK,2026-09-30,2026-09-29,2457,ANN (MLP),1.0,0.594382,0.0,คู่,00f1e897268cf204b9746bec87366cbdf98d3907,False,False
2026-09-30T23:53:54+07:00,KBANK.BK,2026-10-01,2026-09-30,2458,ANN (MLP),0.0,0.45127,0.0,คู่,c8ef2478ab86ed8b472806c9ea443f7e9e8c90c1,False,False
2026-09-30T23:53:54+07:00,KBANK.BK,2026-10-01,2026-09-30,2458,LightGBM,0.0,0.34615,0.0,คู่,c8ef2478ab86ed8b472806c9ea443f7e9e8c90c1,False,False
2026-09-30T23:53:54+07:00,KBANK.BK,2026-10-01,2026-09-30,2458,Logistic Regression,0.0,0.48548,0.0,คู่,c8ef2478ab86ed8b472806c9ea443f7e9e8c90c1,False,False
2026-09-30T23:53:54+07:00,ADVANC.BK,2026-10-01,2026-09-30,2458,ANN (MLP),0.0,0.464638,0.0,คู่,c8ef2478ab86ed8b472806c9ea443f7e9e8c90c1,False,False
2026-09-30T23:53:54+07:00,ADVANC.BK,2026-10-01,2026-09-30,2458,LightGBM,0.0,0.446105,0.0,คู่,c8ef2478ab86ed8b472806c9ea443f7e9e8c90c1,False,False
2026-09-30T23:53:54+07:00,ADVANC.BK,2026-10-01,2026-09-30,2458,Logistic Regression,0.0,0.510447,1.0,คี่,c8ef2478ab86ed8b472806c9ea443f7e9e8c90c1,False,False
2026-10-02T08:30:09+07:00,KBANK.BK,2026-10-02,2026-10-01,2459,ANN (MLP),1.0,0.589258,0.0,คู่,d1c8f29be8c59a88f32f53fb91b287c59ae9e9b3,False,False
2026-10-02T08:30:09+07:00,KBANK.BK,2026-10-02,2026-10-01,2459,LightGBM,1.0,0.45901,1.0,คี่,d1c8f29be8c59a88f32f53fb91b287c59ae9e9b3,False,False
2026-10-02T08:30:09+07:00,KBANK.BK,2026-10-02,2026-10-01,2459,Logistic Regression,1.0,0.562845,0.0,คู่,d1c8f29be8c59a88f32f53fb91b287c59ae9e9b3,False,False
2026-10-02T08:30:09+07:00,ADVANC.BK,2026-10-02,2026-10-01,2459,ANN (MLP),1.0,0.523322,0.0,คู่,d1c8f29be8c59a88f32f53fb91b287c59ae9e9b3,False,False
2026-10-02T08:30:09+07:00,ADVANC.BK,2026-10-02,2026-10-01,2459,LightGBM,1.0,0.524143,0.0,คู่,d1c8f29be8c59a88f32f53fb91b287c59ae9e9b3,False,False
2026-10-02T08:30:09+07:00,ADVANC.BK,2026-10-02,2026-10-01,2459,Logistic Regression,1.0,0.602177,0.0,คู่,d1c8f29be8c59a88f32f53fb91b287c59ae9e9b3,False,False
