coverage,n,accuracy,ticker,representation,model,p_vs_0.50,p_FDR
1.0,1815,0.5019,KBANK.BK,R0_current,LogReg-L2,0.8880047048924078,0.9542737127201993
0.5,908,0.5,KBANK.BK,R0_current,LogReg-L2,1.0,1.0
0.3,545,0.4789,KBANK.BK,R0_current,LogReg-L2,0.3460083713244841,0.7364798108073539
0.2,363,0.4848,KBANK.BK,R0_current,LogReg-L2,0.5997388497769729,0.8812489221212663
0.1,182,0.5,KBANK.BK,R0_current,LogReg-L2,1.0,1.0
0.05,91,0.4835,KBANK.BK,R0_current,LogReg-L2,0.8340810393049413,0.9542737127201993
1.0,1815,0.4887,KBANK.BK,R0_current,LightGBM,0.3477821328812504,0.7364798108073539
0.5,911,0.4676,KBANK.BK,R0_current,LightGBM,0.05459323337630593,0.32692095834244433
0.3,545,0.4532,KBANK.BK,R0_current,LightGBM,0.03211771799315331,0.2919548172243653
0.2,363,0.4628,KBANK.BK,R0_current,LightGBM,0.17227955245117443,0.5353056575515949
0.1,182,0.4286,KBANK.BK,R0_current,LightGBM,0.06356796412214195,0.32692095834244433
0.05,91,0.4725,KBANK.BK,R0_current,LightGBM,0.675222459916057,0.9172833417727566
1.0,1815,0.5019,KBANK.BK,R11_kitchen_sink,LogReg-L2,0.8880047048924078,0.9542737127201993
0.5,908,0.4813,KBANK.BK,R11_kitchen_sink,LogReg-L2,0.2734450711975798,0.6152514101945546
0.3,545,0.5028,KBANK.BK,R11_kitchen_sink,LogReg-L2,0.931738648415107,0.986546804204231
0.2,363,0.4931,KBANK.BK,R11_kitchen_sink,LogReg-L2,0.8337462766207352,0.9542737127201993
0.1,182,0.4835,KBANK.BK,R11_kitchen_sink,LogReg-L2,0.711027171025957,0.9307992057067075
0.05,91,0.4505,KBANK.BK,R11_kitchen_sink,LogReg-L2,0.4018127960698803,0.7915093224911771
1.0,1815,0.4865,KBANK.BK,R11_kitchen_sink,LightGBM,0.25986935556498564,0.6152514101945546
0.5,908,0.4703,KBANK.BK,R11_kitchen_sink,LightGBM,0.07854270189255082,0.37063484269014857
0.3,545,0.4844,KBANK.BK,R11_kitchen_sink,LightGBM,0.4931490493256539,0.7944031432143679
0.2,363,0.4656,KBANK.BK,R11_kitchen_sink,LightGBM,0.20772626240044026,0.5353056575515949
0.1,182,0.456,KBANK.BK,R11_kitchen_sink,LightGBM,0.2661420292429951,0.6152514101945546
0.05,91,0.4615,KBANK.BK,R11_kitchen_sink,LightGBM,0.5296020954762453,0.7944031432143679
1.0,1815,0.5052,KBANK.BK,R14_intraday_open,LogReg-L2,0.6726664330741902,0.9172833417727566
0.5,908,0.5055,KBANK.BK,R14_intraday_open,LogReg-L2,0.7652067443059161,0.9542737127201993
0.3,545,0.5046,KBANK.BK,R14_intraday_open,LogReg-L2,0.86397555487098,0.9542737127201993
0.2,363,0.5207,KBANK.BK,R14_intraday_open,LogReg-L2,0.462503242438092,0.7944031432143679
0.1,182,0.5,KBANK.BK,R14_intraday_open,LogReg-L2,1.0,1.0
0.05,91,0.5385,KBANK.BK,R14_intraday_open,LogReg-L2,0.5296020954762453,0.7944031432143679
1.0,1815,0.4843,KBANK.BK,R14_intraday_open,LightGBM,0.18867430705313853,0.5353056575515949
0.5,908,0.4758,KBANK.BK,R14_intraday_open,LightGBM,0.1535393183951627,0.5353056575515949
0.3,545,0.4734,KBANK.BK,R14_intraday_open,LightGBM,0.23034590257180168,0.57189327535068
0.2,363,0.4656,KBANK.BK,R14_intraday_open,LightGBM,0.20772626240044026,0.5353056575515949
0.1,182,0.4725,KBANK.BK,R14_intraday_open,LightGBM,0.5048025229491021,0.7944031432143679
0.05,91,0.4835,KBANK.BK,R14_intraday_open,LightGBM,0.8340810393049413,0.9542737127201993
1.0,1815,0.5223,ADVANC.BK,R0_current,LogReg-L2,0.06037733320961719,0.32692095834244433
0.5,908,0.5319,ADVANC.BK,R0_current,LogReg-L2,0.058483057146681526,0.32692095834244433
0.3,545,0.5541,ADVANC.BK,R0_current,LogReg-L2,0.012903574566076631,0.23226434218937936
0.2,363,0.5565,ADVANC.BK,R0_current,LogReg-L2,0.03563184243158501,0.2919548172243653
0.1,182,0.5495,ADVANC.BK,R0_current,LogReg-L2,0.20750339701863765,0.5353056575515949
0.05,91,0.5385,ADVANC.BK,R0_current,LogReg-L2,0.5296020954762453,0.7944031432143679
1.0,1815,0.5185,ADVANC.BK,R0_current,LightGBM,0.12131132037786733,0.5137891216003793
0.5,910,0.5132,ADVANC.BK,R0_current,LightGBM,0.4458134109884309,0.7944031432143679
0.3,545,0.4954,ADVANC.BK,R0_current,LightGBM,0.86397555487098,0.9542737127201993
0.2,363,0.4931,ADVANC.BK,R0_current,LightGBM,0.8337462766207352,0.9542737127201993
0.1,182,0.4835,ADVANC.BK,R0_current,LightGBM,0.711027171025957,0.9307992057067075
0.05,91,0.4725,ADVANC.BK,R0_current,LightGBM,0.675222459916057,0.9172833417727566
1.0,1815,0.53,ADVANC.BK,R11_kitchen_sink,LogReg-L2,0.011223051403458847,0.23226434218937936
0.5,908,0.5529,ADVANC.BK,R11_kitchen_sink,LogReg-L2,0.001603428027418704,0.1154468179741467
0.3,545,0.5468,ADVANC.BK,R11_kitchen_sink,LogReg-L2,0.03211771799315331,0.2919548172243653
0.2,363,0.5399,ADVANC.BK,R11_kitchen_sink,LogReg-L2,0.141559070495144,0.5353056575515949
0.1,182,0.5549,ADVANC.BK,R11_kitchen_sink,LogReg-L2,0.1588333322724198,0.5353056575515949
0.05,91,0.5714,ADVANC.BK,R11_kitchen_sink,LogReg-L2,0.20817442238117578,0.5353056575515949
1.0,1815,0.5207,ADVANC.BK,R11_kitchen_sink,LightGBM,0.08236329837558856,0.37063484269014857
0.5,908,0.5121,ADVANC.BK,R11_kitchen_sink,LightGBM,0.4858800988034032,0.7944031432143679
0.3,545,0.4954,ADVANC.BK,R11_kitchen_sink,LightGBM,0.86397555487098,0.9542737127201993
0.2,363,0.5096,ADVANC.BK,R11_kitchen_sink,LightGBM,0.7528733324661655,0.9542737127201993
0.1,182,0.5275,ADVANC.BK,R11_kitchen_sink,LightGBM,0.5048025229491021,0.7944031432143679
0.05,91,0.5714,ADVANC.BK,R11_kitchen_sink,LightGBM,0.20817442238117578,0.5353056575515949
1.0,1815,0.5157,ADVANC.BK,R14_intraday_open,LogReg-L2,0.18867430705313853,0.5353056575515949
0.5,908,0.5352,ADVANC.BK,R14_intraday_open,LogReg-L2,0.03649435215304566,0.2919548172243653
0.3,545,0.5541,ADVANC.BK,R14_intraday_open,LogReg-L2,0.012903574566076631,0.23226434218937936
0.2,363,0.562,ADVANC.BK,R14_intraday_open,LogReg-L2,0.02079369657033816,0.2919548172243653
0.1,182,0.5769,ADVANC.BK,R14_intraday_open,LogReg-L2,0.04505458205192071,0.32439299077382905
0.05,91,0.5385,ADVANC.BK,R14_intraday_open,LogReg-L2,0.5296020954762453,0.7944031432143679
1.0,1815,0.5107,ADVANC.BK,R14_intraday_open,LightGBM,0.3724189832667992,0.7661190512917012
0.5,908,0.5143,ADVANC.BK,R14_intraday_open,LightGBM,0.4067478462801882,0.7915093224911771
0.3,545,0.5046,ADVANC.BK,R14_intraday_open,LightGBM,0.86397555487098,0.9542737127201993
0.2,363,0.4876,ADVANC.BK,R14_intraday_open,LightGBM,0.6746232946085008,0.9172833417727566
0.1,182,0.5,ADVANC.BK,R14_intraday_open,LightGBM,1.0,1.0
0.05,91,0.4615,ADVANC.BK,R14_intraday_open,LightGBM,0.5296020954762453,0.7944031432143679
