ticker,representation,model,n,accuracy,ci_low,ci_high,p_vs_0.50,p_bonferroni,p_FDR,significant_FDR
KBANK.BK,R0_current,LogReg-L2,1815,0.5019,0.4789,0.5249,0.888,1.0,0.9472,False
KBANK.BK,R0_current,LightGBM,1815,0.4887,0.4658,0.5117,0.3478,1.0,0.56591,False
KBANK.BK,R0_current,kNN-25,1815,0.497,0.474,0.52,0.8144,1.0,0.91979,False
KBANK.BK,R0_current,Markov-1,1815,0.4887,0.4658,0.5117,0.3478,1.0,0.56591,False
KBANK.BK,R1_minimal_state,LogReg-L2,1815,0.5047,0.4817,0.5277,0.7073,1.0,0.87052,False
KBANK.BK,R1_minimal_state,LightGBM,1815,0.486,0.463,0.5089,0.2405,1.0,0.56312,False
KBANK.BK,R1_minimal_state,kNN-25,1815,0.4837,0.4608,0.5067,0.1734,1.0,0.4896,False
KBANK.BK,R1_minimal_state,Markov-1,1815,0.4887,0.4658,0.5117,0.3478,1.0,0.56591,False
KBANK.BK,R2_parity_ngram,LogReg-L2,1815,0.4843,0.4614,0.5073,0.1887,1.0,0.4896,False
KBANK.BK,R2_parity_ngram,LightGBM,1815,0.4848,0.4619,0.5078,0.205,1.0,0.50462,False
KBANK.BK,R2_parity_ngram,kNN-25,1815,0.4898,0.4669,0.5128,0.3981,1.0,0.60663,False
KBANK.BK,R2_parity_ngram,Markov-1,1815,0.4887,0.4658,0.5117,0.3478,1.0,0.56591,False
KBANK.BK,R5_digit_level,LogReg-L2,1815,0.4893,0.4663,0.5123,0.3724,1.0,0.58607,False
KBANK.BK,R5_digit_level,LightGBM,1815,0.4964,0.4734,0.5194,0.7782,1.0,0.90009,False
KBANK.BK,R5_digit_level,kNN-25,1815,0.4904,0.4674,0.5134,0.4248,1.0,0.6372,False
KBANK.BK,R5_digit_level,Markov-1,1815,0.4887,0.4658,0.5117,0.3478,1.0,0.56591,False
KBANK.BK,R6_cyclical,LogReg-L2,1815,0.4975,0.4745,0.5205,0.8511,1.0,0.93914,False
KBANK.BK,R6_cyclical,LightGBM,1815,0.5008,0.4778,0.5238,0.9626,1.0,0.99365,False
KBANK.BK,R6_cyclical,kNN-25,1815,0.4909,0.468,0.5139,0.4526,1.0,0.66007,False
KBANK.BK,R6_cyclical,Markov-1,1815,0.4887,0.4658,0.5117,0.3478,1.0,0.56591,False
KBANK.BK,R7_vol_regime_split,LogReg-L2,1815,0.5047,0.4817,0.5277,0.7073,1.0,0.87052,False
KBANK.BK,R7_vol_regime_split,LightGBM,1815,0.5003,0.4773,0.5233,1.0,1.0,1.0,False
KBANK.BK,R7_vol_regime_split,kNN-25,1815,0.5008,0.4778,0.5238,0.9626,1.0,0.99365,False
KBANK.BK,R7_vol_regime_split,Markov-1,1815,0.4887,0.4658,0.5117,0.3478,1.0,0.56591,False
KBANK.BK,R8_market_only,LogReg-L2,1815,0.5124,0.4894,0.5353,0.3017,1.0,0.56591,False
KBANK.BK,R8_market_only,LightGBM,1815,0.4981,0.4751,0.5211,0.888,1.0,0.9472,False
KBANK.BK,R8_market_only,kNN-25,1815,0.5036,0.4806,0.5266,0.7782,1.0,0.90009,False
KBANK.BK,R8_market_only,Markov-1,1815,0.4887,0.4658,0.5117,0.3478,1.0,0.56591,False
KBANK.BK,R9_calendar_only,LogReg-L2,1815,0.4898,0.4669,0.5128,0.3981,1.0,0.60663,False
KBANK.BK,R9_calendar_only,LightGBM,1815,0.476,0.4531,0.499,0.0435,1.0,0.4896,False
KBANK.BK,R9_calendar_only,kNN-25,1815,0.4948,0.4718,0.5178,0.6727,1.0,0.84973,False
KBANK.BK,R9_calendar_only,Markov-1,1815,0.4887,0.4658,0.5117,0.3478,1.0,0.56591,False
KBANK.BK,R11_kitchen_sink,LogReg-L2,1815,0.5019,0.4789,0.5249,0.888,1.0,0.9472,False
KBANK.BK,R11_kitchen_sink,LightGBM,1815,0.4865,0.4636,0.5095,0.2599,1.0,0.56591,False
KBANK.BK,R11_kitchen_sink,kNN-25,1815,0.4843,0.4614,0.5073,0.1887,1.0,0.4896,False
KBANK.BK,R11_kitchen_sink,Markov-1,1815,0.4887,0.4658,0.5117,0.3478,1.0,0.56591,False
KBANK.BK,R12_negative_control,LogReg-L2,1815,0.5069,0.4839,0.5298,0.5732,1.0,0.76427,False
KBANK.BK,R12_negative_control,LightGBM,1815,0.486,0.463,0.5089,0.2405,1.0,0.56312,False
KBANK.BK,R12_negative_control,kNN-25,1815,0.5003,0.4773,0.5233,1.0,1.0,1.0,False
KBANK.BK,R12_negative_control,Markov-1,1815,0.4887,0.4658,0.5117,0.3478,1.0,0.56591,False
KBANK.BK,R13_oracle_control,LogReg-L2,1815,0.5058,0.4828,0.5287,0.6388,1.0,0.84007,False
KBANK.BK,R13_oracle_control,LightGBM,1815,0.6793,0.6575,0.7004,0.0,0.0,0.0,True
KBANK.BK,R13_oracle_control,kNN-25,1815,0.4959,0.4729,0.5189,0.7425,1.0,0.88,False
KBANK.BK,R13_oracle_control,Markov-1,1815,0.4887,0.4658,0.5117,0.3478,1.0,0.56591,False
KBANK.BK,R14_intraday_open,LogReg-L2,1815,0.5052,0.4822,0.5282,0.6727,1.0,0.84973,False
KBANK.BK,R14_intraday_open,LightGBM,1815,0.4843,0.4614,0.5073,0.1887,1.0,0.4896,False
KBANK.BK,R14_intraday_open,kNN-25,1815,0.4959,0.4729,0.5189,0.7425,1.0,0.88,False
KBANK.BK,R14_intraday_open,Markov-1,1815,0.4887,0.4658,0.5117,0.3478,1.0,0.56591,False
ADVANC.BK,R0_current,LogReg-L2,1815,0.5223,0.4993,0.5452,0.0604,1.0,0.4896,False
ADVANC.BK,R0_current,LightGBM,1815,0.5185,0.4955,0.5414,0.1213,1.0,0.4896,False
ADVANC.BK,R0_current,kNN-25,1815,0.5174,0.4944,0.5403,0.1456,1.0,0.4896,False
ADVANC.BK,R0_current,Markov-1,1815,0.5168,0.4938,0.5397,0.159,1.0,0.4896,False
ADVANC.BK,R1_minimal_state,LogReg-L2,1815,0.5256,0.5026,0.5485,0.0308,1.0,0.4896,False
ADVANC.BK,R1_minimal_state,LightGBM,1815,0.5234,0.5004,0.5463,0.0486,1.0,0.4896,False
ADVANC.BK,R1_minimal_state,kNN-25,1815,0.5262,0.5032,0.5491,0.0273,1.0,0.4896,False
ADVANC.BK,R1_minimal_state,Markov-1,1815,0.5168,0.4938,0.5397,0.159,1.0,0.4896,False
ADVANC.BK,R2_parity_ngram,LogReg-L2,1815,0.5163,0.4933,0.5392,0.1734,1.0,0.4896,False
ADVANC.BK,R2_parity_ngram,LightGBM,1815,0.5085,0.4855,0.5315,0.4813,1.0,0.66007,False
ADVANC.BK,R2_parity_ngram,kNN-25,1815,0.5113,0.4883,0.5342,0.3478,1.0,0.56591,False
ADVANC.BK,R2_parity_ngram,Markov-1,1815,0.5168,0.4938,0.5397,0.159,1.0,0.4896,False
ADVANC.BK,R5_digit_level,LogReg-L2,1815,0.5085,0.4855,0.5315,0.4813,1.0,0.66007,False
ADVANC.BK,R5_digit_level,LightGBM,1815,0.5085,0.4855,0.5315,0.4813,1.0,0.66007,False
ADVANC.BK,R5_digit_level,kNN-25,1815,0.5085,0.4855,0.5315,0.4813,1.0,0.66007,False
ADVANC.BK,R5_digit_level,Markov-1,1815,0.5168,0.4938,0.5397,0.159,1.0,0.4896,False
ADVANC.BK,R6_cyclical,LogReg-L2,1815,0.5185,0.4955,0.5414,0.1213,1.0,0.4896,False
ADVANC.BK,R6_cyclical,LightGBM,1815,0.5113,0.4883,0.5342,0.3478,1.0,0.56591,False
ADVANC.BK,R6_cyclical,kNN-25,1815,0.5152,0.4922,0.5381,0.205,1.0,0.50462,False
ADVANC.BK,R6_cyclical,Markov-1,1815,0.5168,0.4938,0.5397,0.159,1.0,0.4896,False
ADVANC.BK,R7_vol_regime_split,LogReg-L2,1815,0.5322,0.5092,0.5551,0.0065,0.624,0.208,False
ADVANC.BK,R7_vol_regime_split,LightGBM,1815,0.4975,0.4745,0.5205,0.8511,1.0,0.93914,False
ADVANC.BK,R7_vol_regime_split,kNN-25,1815,0.5168,0.4938,0.5397,0.159,1.0,0.4896,False
ADVANC.BK,R7_vol_regime_split,Markov-1,1815,0.5168,0.4938,0.5397,0.159,1.0,0.4896,False
ADVANC.BK,R8_market_only,LogReg-L2,1815,0.5041,0.4811,0.5271,0.7425,1.0,0.88,False
ADVANC.BK,R8_market_only,LightGBM,1815,0.4948,0.4718,0.5178,0.6727,1.0,0.84973,False
ADVANC.BK,R8_market_only,kNN-25,1815,0.5003,0.4773,0.5233,1.0,1.0,1.0,False
ADVANC.BK,R8_market_only,Markov-1,1815,0.5168,0.4938,0.5397,0.159,1.0,0.4896,False
ADVANC.BK,R9_calendar_only,LogReg-L2,1815,0.5168,0.4938,0.5397,0.159,1.0,0.4896,False
ADVANC.BK,R9_calendar_only,LightGBM,1815,0.5085,0.4855,0.5315,0.4813,1.0,0.66007,False
ADVANC.BK,R9_calendar_only,kNN-25,1815,0.5135,0.4905,0.5364,0.2599,1.0,0.56591,False
ADVANC.BK,R9_calendar_only,Markov-1,1815,0.5168,0.4938,0.5397,0.159,1.0,0.4896,False
ADVANC.BK,R11_kitchen_sink,LogReg-L2,1815,0.53,0.507,0.5529,0.0112,1.0,0.2688,False
ADVANC.BK,R11_kitchen_sink,LightGBM,1815,0.5207,0.4977,0.5436,0.0824,1.0,0.4896,False
ADVANC.BK,R11_kitchen_sink,kNN-25,1815,0.5185,0.4955,0.5414,0.1213,1.0,0.4896,False
ADVANC.BK,R11_kitchen_sink,Markov-1,1815,0.5168,0.4938,0.5397,0.159,1.0,0.4896,False
ADVANC.BK,R12_negative_control,LogReg-L2,1815,0.503,0.48,0.526,0.8144,1.0,0.91979,False
ADVANC.BK,R12_negative_control,LightGBM,1815,0.519,0.496,0.5419,0.1104,1.0,0.4896,False
ADVANC.BK,R12_negative_control,kNN-25,1815,0.5074,0.4844,0.5304,0.5417,1.0,0.73244,False
ADVANC.BK,R12_negative_control,Markov-1,1815,0.5168,0.4938,0.5397,0.159,1.0,0.4896,False
ADVANC.BK,R13_oracle_control,LogReg-L2,1815,0.5229,0.4999,0.5458,0.0542,1.0,0.4896,False
ADVANC.BK,R13_oracle_control,LightGBM,1815,0.6419,0.6195,0.6636,0.0,0.0,0.0,True
ADVANC.BK,R13_oracle_control,kNN-25,1815,0.5174,0.4944,0.5403,0.1456,1.0,0.4896,False
ADVANC.BK,R13_oracle_control,Markov-1,1815,0.5168,0.4938,0.5397,0.159,1.0,0.4896,False
ADVANC.BK,R14_intraday_open,LogReg-L2,1815,0.5157,0.4927,0.5386,0.1887,1.0,0.4896,False
ADVANC.BK,R14_intraday_open,LightGBM,1815,0.5107,0.4877,0.5337,0.3724,1.0,0.58607,False
ADVANC.BK,R14_intraday_open,kNN-25,1815,0.5008,0.4778,0.5238,0.9626,1.0,0.99365,False
ADVANC.BK,R14_intraday_open,Markov-1,1815,0.5168,0.4938,0.5397,0.159,1.0,0.4896,False
