date,ticker,snapshot,source,downloaded_at,minutes_after_1600,hours_present,required_bars_complete,has_bar16,downloaded_before_1600,locked_mismatch_bars,bar15_changed_vs_later
2026-09-30,KBANK.BK,C:\StudyUniversity\CN340\forLog\now\task_b\raw_data_intraday_live\20260930\KBANK_BK_1h_161939.csv,yahoo,2026-09-30T16:19:39+07:00,19.65,10 11 12 13 14 15,True,False,False,1,
2026-09-30,ADVANC.BK,C:\StudyUniversity\CN340\forLog\now\task_b\raw_data_intraday_live\20260930\ADVANC_BK_1h_161939.csv,yahoo,2026-09-30T16:19:39+07:00,19.65,10 11 12 13 14 15,True,False,False,0,
2026-09-30,KBANK.BK,C:\StudyUniversity\CN340\forLog\now\task_b\raw_data_intraday_live\20260930\KBANK_BK_1h_161939.csv,yahoo,2026-09-30T16:19:39+07:00,19.65,10 11 12 13 14 15,True,False,False,1,True
2026-09-30,KBANK.BK,C:\StudyUniversity\CN340\forLog\now\task_b\raw_data_intraday_live\20260930\KBANK_BK_1h_162242.csv,yahoo,2026-09-30T16:22:42+07:00,22.7,10 11 12 13 14 15,True,False,False,0,
2026-09-30,ADVANC.BK,C:\StudyUniversity\CN340\forLog\now\task_b\raw_data_intraday_live\20260930\ADVANC_BK_1h_161939.csv,yahoo,2026-09-30T16:19:39+07:00,19.65,10 11 12 13 14 15,True,False,False,0,True
2026-09-30,ADVANC.BK,C:\StudyUniversity\CN340\forLog\now\task_b\raw_data_intraday_live\20260930\ADVANC_BK_1h_162242.csv,yahoo,2026-09-30T16:22:42+07:00,22.7,10 11 12 13 14 15,True,False,False,0,
2026-09-30,KBANK.BK,C:\StudyUniversity\CN340\forLog\now\task_b\raw_data_intraday_live\20260930\KBANK_BK_1h_161939.csv,yahoo,2026-09-30T16:19:39+07:00,19.65,10 11 12 13 14 15,True,False,False,1,True
2026-09-30,KBANK.BK,C:\StudyUniversity\CN340\forLog\now\task_b\raw_data_intraday_live\20260930\KBANK_BK_1h_162242.csv,yahoo,2026-09-30T16:22:42+07:00,22.7,10 11 12 13 14 15,True,False,False,0,True
2026-09-30,KBANK.BK,C:\StudyUniversity\CN340\forLog\now\task_b\raw_data_intraday_live\20260930\KBANK_BK_1h_164239.csv,yahoo,2026-09-30T16:42:39+07:00,42.65,10 11 12 13 14 15 16,True,True,False,0,
2026-09-30,ADVANC.BK,C:\StudyUniversity\CN340\forLog\now\task_b\raw_data_intraday_live\20260930\ADVANC_BK_1h_161939.csv,yahoo,2026-09-30T16:19:39+07:00,19.65,10 11 12 13 14 15,True,False,False,0,True
2026-09-30,ADVANC.BK,C:\StudyUniversity\CN340\forLog\now\task_b\raw_data_intraday_live\20260930\ADVANC_BK_1h_162242.csv,yahoo,2026-09-30T16:22:42+07:00,22.7,10 11 12 13 14 15,True,False,False,0,True
2026-09-30,ADVANC.BK,C:\StudyUniversity\CN340\forLog\now\task_b\raw_data_intraday_live\20260930\ADVANC_BK_1h_164239.csv,yahoo,2026-09-30T16:42:39+07:00,42.65,10 11 12 13 14 15 16,True,True,False,0,
2026-10-01,KBANK.BK,C:\StudyUniversity\CN340\forLog\now\task_b\raw_data_intraday_live\20261001\KBANK_BK_1h_160222.csv,yahoo,2026-10-01T16:02:22+07:00,2.3666666666666667,10 11 12 13 14 15,True,False,False,0,
2026-10-01,ADVANC.BK,C:\StudyUniversity\CN340\forLog\now\task_b\raw_data_intraday_live\20261001\ADVANC_BK_1h_160222.csv,yahoo,2026-10-01T16:02:22+07:00,2.3666666666666667,10 11 12 13 14 15,True,False,False,1,
