generated_at,prediction_type,ticker,target_date,data_cutoff,train_rows,half_life,model,predicted_return,prev_close,predicted_close,n_features,dataset_sha256,code_commit,config_tag,is_dry_run,worktree_dirty
2026-09-27T23:10:40+07:00,next_day,KBANK.BK,2026-09-25,2026-09-24,2431,,ANN (MLP),0.0003153581705978158,251.0,251.07915490082007,29,546c867d2ba9f5626655622d4ca955ab9e31fc3dc849c727b7ec5d0c8f89904e,9a1d92584d2671e467cdb93004a60cd8ea753602,phase1c-tuned,True,True
2026-09-27T23:10:40+07:00,next_day,KBANK.BK,2026-09-25,2026-09-24,2431,,Random Forest,-0.0001405603257188837,251.0,250.96471935824457,29,546c867d2ba9f5626655622d4ca955ab9e31fc3dc849c727b7ec5d0c8f89904e,9a1d92584d2671e467cdb93004a60cd8ea753602,phase1c-tuned,True,True
2026-09-27T23:10:40+07:00,next_day,KBANK.BK,2026-09-25,2026-09-24,2431,,XGBoost,0.00044912390876561403,251.0,251.11273010110017,29,546c867d2ba9f5626655622d4ca955ab9e31fc3dc849c727b7ec5d0c8f89904e,9a1d92584d2671e467cdb93004a60cd8ea753602,phase1c-tuned,True,True
2026-09-27T23:10:40+07:00,next_day,ADVANC.BK,2026-09-25,2026-09-24,2431,,ANN (MLP),0.0006744053542295634,345.0,345.2326698472092,29,cce8069a1326a973654b7b5b7600243dc77d9e8d996d90a0b1636821737613f8,9a1d92584d2671e467cdb93004a60cd8ea753602,phase1c-tuned,True,True
2026-09-27T23:10:40+07:00,next_day,ADVANC.BK,2026-09-25,2026-09-24,2431,,Random Forest,0.00033693904845086937,345.0,345.11624397171556,29,cce8069a1326a973654b7b5b7600243dc77d9e8d996d90a0b1636821737613f8,9a1d92584d2671e467cdb93004a60cd8ea753602,phase1c-tuned,True,True
2026-09-27T23:10:40+07:00,next_day,ADVANC.BK,2026-09-25,2026-09-24,2431,,XGBoost,0.0006461750017479062,345.0,345.222930375603,29,cce8069a1326a973654b7b5b7600243dc77d9e8d996d90a0b1636821737613f8,9a1d92584d2671e467cdb93004a60cd8ea753602,phase1c-tuned,True,True
2026-09-29T00:51:50+07:00,next_day,KBANK.BK,2026-09-30,2026-09-25,2432,,ANN (MLP),0.00020491033152323146,252.0,252.05163740354382,29,546c867d2ba9f5626655622d4ca955ab9e31fc3dc849c727b7ec5d0c8f89904e,d64d5492371fba8ddf91f51c4b95138b2b266898,phase1c-tuned,True,True
2026-09-29T00:51:50+07:00,next_day,KBANK.BK,2026-09-30,2026-09-25,2432,,Random Forest,-6.489739913430163e-05,252.0,251.98364585541816,29,546c867d2ba9f5626655622d4ca955ab9e31fc3dc849c727b7ec5d0c8f89904e,d64d5492371fba8ddf91f51c4b95138b2b266898,phase1c-tuned,True,True
2026-09-29T00:51:50+07:00,next_day,KBANK.BK,2026-09-30,2026-09-25,2432,,XGBoost,7.975897460710257e-05,252.0,252.020099261601,29,546c867d2ba9f5626655622d4ca955ab9e31fc3dc849c727b7ec5d0c8f89904e,d64d5492371fba8ddf91f51c4b95138b2b266898,phase1c-tuned,True,True
2026-09-29T00:51:50+07:00,next_day,ADVANC.BK,2026-09-30,2026-09-25,2432,,ANN (MLP),0.000532142222989423,345.0,345.18358906693135,29,cce8069a1326a973654b7b5b7600243dc77d9e8d996d90a0b1636821737613f8,d64d5492371fba8ddf91f51c4b95138b2b266898,phase1c-tuned,True,True
2026-09-29T00:51:50+07:00,next_day,ADVANC.BK,2026-09-30,2026-09-25,2432,,Random Forest,2.592088320901815e-05,345.0,345.00894270470707,29,cce8069a1326a973654b7b5b7600243dc77d9e8d996d90a0b1636821737613f8,d64d5492371fba8ddf91f51c4b95138b2b266898,phase1c-tuned,True,True
2026-09-29T00:51:50+07:00,next_day,ADVANC.BK,2026-09-30,2026-09-25,2432,,XGBoost,0.00014593906234949827,345.0,345.0503489765106,29,cce8069a1326a973654b7b5b7600243dc77d9e8d996d90a0b1636821737613f8,d64d5492371fba8ddf91f51c4b95138b2b266898,phase1c-tuned,True,True
