generated_at,prediction_type,ticker,target_date,model,config_id,params,predicted_return,close_bar15,predicted_close_bar16,last_feature_bar_start,feature_window_end,target_bar_start,snapshot_downloaded_at,train_days,n_features,dataset_sha256,code_commit,worktree_dirty,historical_x_match,is_dry_run
2026-09-27T23:42:45+07:00,same_day_1600,KBANK.BK,2026-09-23,ANN (MLP),7,"{'alpha': 20, 'hidden_layer_sizes': (8, 4)}",0.0007659358411187815,254.0,254.19454770364416,2026-09-23T15:00:00+07:00,2026-09-23T16:00:00+07:00,2026-09-23T16:00:00+07:00,,697,21,b192ad2c0bc3ae2a75b732752369c56b7dd27d043900eb6e8fb2d5fb08912060,0b09905ea182edcaace2be641b529403290df2c7,True,True,True
2026-09-27T23:42:45+07:00,same_day_1600,KBANK.BK,2026-09-23,Random Forest,0,"{'max_depth': 3, 'min_samples_leaf': 15, 'max_features': 0.5}",0.0012051784764397734,254.0,254.3061153330157,2026-09-23T15:00:00+07:00,2026-09-23T16:00:00+07:00,2026-09-23T16:00:00+07:00,,697,21,b192ad2c0bc3ae2a75b732752369c56b7dd27d043900eb6e8fb2d5fb08912060,0b09905ea182edcaace2be641b529403290df2c7,True,True,True
2026-09-27T23:42:45+07:00,same_day_1600,KBANK.BK,2026-09-23,XGBoost,1,"{'max_depth': 2, 'learning_rate': 0.01, 'subsample': 1.0}",0.000986613449640572,254.0,254.2505998162087,2026-09-23T15:00:00+07:00,2026-09-23T16:00:00+07:00,2026-09-23T16:00:00+07:00,,697,21,b192ad2c0bc3ae2a75b732752369c56b7dd27d043900eb6e8fb2d5fb08912060,0b09905ea182edcaace2be641b529403290df2c7,True,True,True
2026-09-27T23:42:45+07:00,same_day_1600,ADVANC.BK,2026-09-23,ANN (MLP),7,"{'alpha': 20, 'hidden_layer_sizes': (8, 4)}",7.728888928847582e-05,348.0,348.0268965334724,2026-09-23T15:00:00+07:00,2026-09-23T16:00:00+07:00,2026-09-23T16:00:00+07:00,,696,21,2097bb53ce1c6ad49023f432128b39363187f4fdaebcb12bbd5ee7e5a295e79c,0b09905ea182edcaace2be641b529403290df2c7,True,True,True
2026-09-27T23:42:45+07:00,same_day_1600,ADVANC.BK,2026-09-23,Random Forest,0,"{'max_depth': 3, 'min_samples_leaf': 15, 'max_features': 0.5}",-0.0002794306933773278,348.0,347.9027581187047,2026-09-23T15:00:00+07:00,2026-09-23T16:00:00+07:00,2026-09-23T16:00:00+07:00,,696,21,2097bb53ce1c6ad49023f432128b39363187f4fdaebcb12bbd5ee7e5a295e79c,0b09905ea182edcaace2be641b529403290df2c7,True,True,True
2026-09-27T23:42:45+07:00,same_day_1600,ADVANC.BK,2026-09-23,XGBoost,1,"{'max_depth': 2, 'learning_rate': 0.01, 'subsample': 1.0}",-8.294857980217785e-05,348.0,347.97113389422884,2026-09-23T15:00:00+07:00,2026-09-23T16:00:00+07:00,2026-09-23T16:00:00+07:00,,696,21,2097bb53ce1c6ad49023f432128b39363187f4fdaebcb12bbd5ee7e5a295e79c,0b09905ea182edcaace2be641b529403290df2c7,True,True,True
2026-09-27T23:42:51+07:00,same_day_1600,KBANK.BK,2026-09-24,ANN (MLP),7,"{'alpha': 20, 'hidden_layer_sizes': (8, 4)}",0.0004620009638797372,252.0,252.11642424289772,2026-09-24T15:00:00+07:00,2026-09-24T16:00:00+07:00,2026-09-24T16:00:00+07:00,,698,21,b192ad2c0bc3ae2a75b732752369c56b7dd27d043900eb6e8fb2d5fb08912060,0b09905ea182edcaace2be641b529403290df2c7,True,True,True
2026-09-27T23:42:51+07:00,same_day_1600,KBANK.BK,2026-09-24,Random Forest,0,"{'max_depth': 3, 'min_samples_leaf': 15, 'max_features': 0.5}",3.4502230639154045e-05,252.0,252.00869456212106,2026-09-24T15:00:00+07:00,2026-09-24T16:00:00+07:00,2026-09-24T16:00:00+07:00,,698,21,b192ad2c0bc3ae2a75b732752369c56b7dd27d043900eb6e8fb2d5fb08912060,0b09905ea182edcaace2be641b529403290df2c7,True,True,True
2026-09-27T23:42:51+07:00,same_day_1600,KBANK.BK,2026-09-24,XGBoost,1,"{'max_depth': 2, 'learning_rate': 0.01, 'subsample': 1.0}",-5.6371005484834313e-05,252.0,251.98579450661782,2026-09-24T15:00:00+07:00,2026-09-24T16:00:00+07:00,2026-09-24T16:00:00+07:00,,698,21,b192ad2c0bc3ae2a75b732752369c56b7dd27d043900eb6e8fb2d5fb08912060,0b09905ea182edcaace2be641b529403290df2c7,True,True,True
2026-09-27T23:42:51+07:00,same_day_1600,ADVANC.BK,2026-09-24,ANN (MLP),7,"{'alpha': 20, 'hidden_layer_sizes': (8, 4)}",5.6682865770465855e-06,344.0,344.00194989058247,2026-09-24T15:00:00+07:00,2026-09-24T16:00:00+07:00,2026-09-24T16:00:00+07:00,,697,21,2097bb53ce1c6ad49023f432128b39363187f4fdaebcb12bbd5ee7e5a295e79c,0b09905ea182edcaace2be641b529403290df2c7,True,True,True
2026-09-27T23:42:51+07:00,same_day_1600,ADVANC.BK,2026-09-24,Random Forest,0,"{'max_depth': 3, 'min_samples_leaf': 15, 'max_features': 0.5}",-0.0003589557464553318,344.0,343.87651922321936,2026-09-24T15:00:00+07:00,2026-09-24T16:00:00+07:00,2026-09-24T16:00:00+07:00,,697,21,2097bb53ce1c6ad49023f432128b39363187f4fdaebcb12bbd5ee7e5a295e79c,0b09905ea182edcaace2be641b529403290df2c7,True,True,True
2026-09-27T23:42:51+07:00,same_day_1600,ADVANC.BK,2026-09-24,XGBoost,1,"{'max_depth': 2, 'learning_rate': 0.01, 'subsample': 1.0}",-0.0006726444116793573,344.0,343.7686103223823,2026-09-24T15:00:00+07:00,2026-09-24T16:00:00+07:00,2026-09-24T16:00:00+07:00,,697,21,2097bb53ce1c6ad49023f432128b39363187f4fdaebcb12bbd5ee7e5a295e79c,0b09905ea182edcaace2be641b529403290df2c7,True,True,True
2026-09-27T23:42:55+07:00,same_day_1600,KBANK.BK,2026-09-25,ANN (MLP),7,"{'alpha': 20, 'hidden_layer_sizes': (8, 4)}",9.022986000843954e-05,252.0,252.02273792472215,2026-09-25T15:00:00+07:00,2026-09-25T16:00:00+07:00,2026-09-25T16:00:00+07:00,,699,21,b192ad2c0bc3ae2a75b732752369c56b7dd27d043900eb6e8fb2d5fb08912060,0b09905ea182edcaace2be641b529403290df2c7,True,True,True
2026-09-27T23:42:55+07:00,same_day_1600,KBANK.BK,2026-09-25,Random Forest,0,"{'max_depth': 3, 'min_samples_leaf': 15, 'max_features': 0.5}",-0.00038566390124172677,252.0,251.90281269688708,2026-09-25T15:00:00+07:00,2026-09-25T16:00:00+07:00,2026-09-25T16:00:00+07:00,,699,21,b192ad2c0bc3ae2a75b732752369c56b7dd27d043900eb6e8fb2d5fb08912060,0b09905ea182edcaace2be641b529403290df2c7,True,True,True
2026-09-27T23:42:55+07:00,same_day_1600,KBANK.BK,2026-09-25,XGBoost,1,"{'max_depth': 2, 'learning_rate': 0.01, 'subsample': 1.0}",-0.000133753870613873,252.0,251.9662940246053,2026-09-25T15:00:00+07:00,2026-09-25T16:00:00+07:00,2026-09-25T16:00:00+07:00,,699,21,b192ad2c0bc3ae2a75b732752369c56b7dd27d043900eb6e8fb2d5fb08912060,0b09905ea182edcaace2be641b529403290df2c7,True,True,True
2026-09-27T23:42:55+07:00,same_day_1600,ADVANC.BK,2026-09-25,ANN (MLP),7,"{'alpha': 20, 'hidden_layer_sizes': (8, 4)}",-0.00022912444963814642,347.0,346.92049381597553,2026-09-25T15:00:00+07:00,2026-09-25T16:00:00+07:00,2026-09-25T16:00:00+07:00,,698,21,2097bb53ce1c6ad49023f432128b39363187f4fdaebcb12bbd5ee7e5a295e79c,0b09905ea182edcaace2be641b529403290df2c7,True,True,True
2026-09-27T23:42:55+07:00,same_day_1600,ADVANC.BK,2026-09-25,Random Forest,0,"{'max_depth': 3, 'min_samples_leaf': 15, 'max_features': 0.5}",-0.0003115729788147258,347.0,346.8918841763513,2026-09-25T15:00:00+07:00,2026-09-25T16:00:00+07:00,2026-09-25T16:00:00+07:00,,698,21,2097bb53ce1c6ad49023f432128b39363187f4fdaebcb12bbd5ee7e5a295e79c,0b09905ea182edcaace2be641b529403290df2c7,True,True,True
2026-09-27T23:42:55+07:00,same_day_1600,ADVANC.BK,2026-09-25,XGBoost,1,"{'max_depth': 2, 'learning_rate': 0.01, 'subsample': 1.0}",-1.1870171874761581e-05,347.0,346.99588105035946,2026-09-25T15:00:00+07:00,2026-09-25T16:00:00+07:00,2026-09-25T16:00:00+07:00,,698,21,2097bb53ce1c6ad49023f432128b39363187f4fdaebcb12bbd5ee7e5a295e79c,0b09905ea182edcaace2be641b529403290df2c7,True,True,True
