ticker,section,metric,value
KBANK.BK,file,sha256_match,True
KBANK.BK,6.1,n_rows,4926
KBANK.BK,6.1,n_days,722
KBANK.BK,6.1,first_date,2023-10-02
KBANK.BK,6.1,last_date,2026-09-25
KBANK.BK,6.1_bars_by_year,2023_days,60
KBANK.BK,6.1_bars_by_year,2023_10,60
KBANK.BK,6.1_bars_by_year,2023_11,60
KBANK.BK,6.1_bars_by_year,2023_12,60
KBANK.BK,6.1_bars_by_year,2023_13,0
KBANK.BK,6.1_bars_by_year,2023_14,60
KBANK.BK,6.1_bars_by_year,2023_15,60
KBANK.BK,6.1_bars_by_year,2023_16,60
KBANK.BK,6.1_bars_by_year,2024_days,243
KBANK.BK,6.1_bars_by_year,2024_10,243
KBANK.BK,6.1_bars_by_year,2024_11,243
KBANK.BK,6.1_bars_by_year,2024_12,243
KBANK.BK,6.1_bars_by_year,2024_13,186
KBANK.BK,6.1_bars_by_year,2024_14,243
KBANK.BK,6.1_bars_by_year,2024_15,243
KBANK.BK,6.1_bars_by_year,2024_16,243
KBANK.BK,6.1_bars_by_year,2025_days,242
KBANK.BK,6.1_bars_by_year,2025_10,242
KBANK.BK,6.1_bars_by_year,2025_11,242
KBANK.BK,6.1_bars_by_year,2025_12,242
KBANK.BK,6.1_bars_by_year,2025_13,241
KBANK.BK,6.1_bars_by_year,2025_14,242
KBANK.BK,6.1_bars_by_year,2025_15,241
KBANK.BK,6.1_bars_by_year,2025_16,241
KBANK.BK,6.1_bars_by_year,2026_days,177
KBANK.BK,6.1_bars_by_year,2026_10,176
KBANK.BK,6.1_bars_by_year,2026_11,176
KBANK.BK,6.1_bars_by_year,2026_12,176
KBANK.BK,6.1_bars_by_year,2026_13,174
KBANK.BK,6.1_bars_by_year,2026_14,176
KBANK.BK,6.1_bars_by_year,2026_15,176
KBANK.BK,6.1_bars_by_year,2026_16,177
KBANK.BK,6.1_incomplete,2025-03-28,"[10, 11, 12, 13, 14]"
KBANK.BK,6.1_incomplete,2026-04-20,[16]
KBANK.BK,6.1,n_complete_days,720
KBANK.BK,6.2_volume0_by_hour,10:00,548
KBANK.BK,6.2_volume0_by_hour,11:00,0
KBANK.BK,6.2_volume0_by_hour,12:00,5
KBANK.BK,6.2_volume0_by_hour,13:00,0
KBANK.BK,6.2_volume0_by_hour,14:00,0
KBANK.BK,6.2_volume0_by_hour,15:00,0
KBANK.BK,6.2_volume0_by_hour,16:00,0
KBANK.BK,6.2_partition,TRAIN,0
KBANK.BK,6.2_partition,VAL,341
KBANK.BK,6.2_partition,TEST,361
KBANK.BK,6.2_partition,AFTER_DAILY(>2026-08-28),20
KBANK.BK,6.2_source_mismatch,n_overlap,701
KBANK.BK,6.2_source_mismatch,pct_exact,0.456490727532097
KBANK.BK,6.2_source_mismatch,mean_abs_diff_baht,0.33238231098430815
KBANK.BK,6.2_source_mismatch,max_abs_diff_baht,2.0
KBANK.BK,6.1_daily_not_hourly,2024-01-02,1
KBANK.BK,6.1_daily_not_hourly,2026-02-02,1
KBANK.BK,6.3_A,n,720
KBANK.BK,6.3_A,naive_MAE,0.001982213349147487
KBANK.BK,6.3_A,std,0.002969312916958786
KBANK.BK,6.3_A,pct_no_move,0.4888888888888889
KBANK.BK,6.3_A,naive_MAE_over_cost,0.5899795669824058
KBANK.BK,6.3_A,pct_abs_move_above_cost,0.26666666666666666
KBANK.BK,6.3_A,pct_up_above_cost,0.1597222222222222
KBANK.BK,6.3_B2,n,718
KBANK.BK,6.3_B2,naive_MAE,0.008729620108140154
KBANK.BK,6.3_B2,std,0.011984014019643486
KBANK.BK,6.3_B2,pct_no_move,0.15181058495821728
KBANK.BK,6.3_B2,naive_MAE_over_cost,2.5982558807488996
KBANK.BK,6.3_B2,pct_abs_move_above_cost,0.7311977715877437
KBANK.BK,6.3_B2,pct_up_above_cost,0.415041782729805
KBANK.BK,6.3_ref,n,719
KBANK.BK,6.3_ref,naive_MAE,0.008661222470150347
KBANK.BK,6.3_ref,std,0.011995887712193976
KBANK.BK,6.3_ref,pct_no_move,0.14325452016689846
KBANK.BK,6.3_ref,naive_MAE_over_cost,2.5778982291060024
KBANK.BK,6.3_ref,pct_abs_move_above_cost,0.7371349095966621
KBANK.BK,6.3_ref,pct_up_above_cost,0.40333796940194716
KBANK.BK,6.2_close_bar16_confirm,status,ยังไม่ได้ยืนยัน
ADVANC.BK,file,sha256_match,True
ADVANC.BK,6.1,n_rows,4924
ADVANC.BK,6.1,n_days,722
ADVANC.BK,6.1,first_date,2023-10-02
ADVANC.BK,6.1,last_date,2026-09-25
ADVANC.BK,6.1_bars_by_year,2023_days,60
ADVANC.BK,6.1_bars_by_year,2023_10,60
ADVANC.BK,6.1_bars_by_year,2023_11,60
ADVANC.BK,6.1_bars_by_year,2023_12,60
ADVANC.BK,6.1_bars_by_year,2023_13,0
ADVANC.BK,6.1_bars_by_year,2023_14,60
ADVANC.BK,6.1_bars_by_year,2023_15,60
ADVANC.BK,6.1_bars_by_year,2023_16,60
ADVANC.BK,6.1_bars_by_year,2024_days,243
ADVANC.BK,6.1_bars_by_year,2024_10,243
ADVANC.BK,6.1_bars_by_year,2024_11,243
ADVANC.BK,6.1_bars_by_year,2024_12,243
ADVANC.BK,6.1_bars_by_year,2024_13,186
ADVANC.BK,6.1_bars_by_year,2024_14,243
ADVANC.BK,6.1_bars_by_year,2024_15,243
ADVANC.BK,6.1_bars_by_year,2024_16,243
ADVANC.BK,6.1_bars_by_year,2025_days,242
ADVANC.BK,6.1_bars_by_year,2025_10,242
ADVANC.BK,6.1_bars_by_year,2025_11,242
ADVANC.BK,6.1_bars_by_year,2025_12,242
ADVANC.BK,6.1_bars_by_year,2025_13,240
ADVANC.BK,6.1_bars_by_year,2025_14,241
ADVANC.BK,6.1_bars_by_year,2025_15,241
ADVANC.BK,6.1_bars_by_year,2025_16,241
ADVANC.BK,6.1_bars_by_year,2026_days,177
ADVANC.BK,6.1_bars_by_year,2026_10,176
ADVANC.BK,6.1_bars_by_year,2026_11,176
ADVANC.BK,6.1_bars_by_year,2026_12,176
ADVANC.BK,6.1_bars_by_year,2026_13,174
ADVANC.BK,6.1_bars_by_year,2026_14,176
ADVANC.BK,6.1_bars_by_year,2026_15,176
ADVANC.BK,6.1_bars_by_year,2026_16,177
ADVANC.BK,6.1_incomplete,2025-03-28,"[10, 11, 12, 13, 14]"
ADVANC.BK,6.1_incomplete,2026-04-20,[16]
ADVANC.BK,6.1,n_complete_days,720
ADVANC.BK,6.2_volume0_by_hour,10:00,521
ADVANC.BK,6.2_volume0_by_hour,11:00,0
ADVANC.BK,6.2_volume0_by_hour,12:00,3
ADVANC.BK,6.2_volume0_by_hour,13:00,0
ADVANC.BK,6.2_volume0_by_hour,14:00,0
ADVANC.BK,6.2_volume0_by_hour,15:00,0
ADVANC.BK,6.2_volume0_by_hour,16:00,0
ADVANC.BK,6.2_partition,TRAIN,0
ADVANC.BK,6.2_partition,VAL,341
ADVANC.BK,6.2_partition,TEST,361
ADVANC.BK,6.2_partition,AFTER_DAILY(>2026-08-28),20
ADVANC.BK,6.2_source_mismatch,n_overlap,701
ADVANC.BK,6.2_source_mismatch,pct_exact,0.4051355206847361
ADVANC.BK,6.2_source_mismatch,mean_abs_diff_baht,0.6940085592011412
ADVANC.BK,6.2_source_mismatch,max_abs_diff_baht,3.0
ADVANC.BK,6.1_daily_not_hourly,2024-01-02,1
ADVANC.BK,6.1_daily_not_hourly,2026-02-02,1
ADVANC.BK,6.3_A,n,720
ADVANC.BK,6.3_A,naive_MAE,0.0024769330246800637
ADVANC.BK,6.3_A,std,0.003561808660072394
ADVANC.BK,6.3_A,pct_no_move,0.43333333333333335
ADVANC.BK,6.3_A,naive_MAE_over_cost,0.7372263303411107
ADVANC.BK,6.3_A,pct_abs_move_above_cost,0.4152777777777778
ADVANC.BK,6.3_A,pct_up_above_cost,0.22361111111111112
ADVANC.BK,6.3_B2,n,718
ADVANC.BK,6.3_B2,naive_MAE,0.009766549764680265
ADVANC.BK,6.3_B2,std,0.013483541001533468
ADVANC.BK,6.3_B2,pct_no_move,0.14763231197771587
ADVANC.BK,6.3_B2,naive_MAE_over_cost,2.906884268313669
ADVANC.BK,6.3_B2,pct_abs_move_above_cost,0.7771587743732591
ADVANC.BK,6.3_B2,pct_up_above_cost,0.41086350974930363
ADVANC.BK,6.3_ref,n,719
ADVANC.BK,6.3_ref,naive_MAE,0.00983748236439642
ADVANC.BK,6.3_ref,std,0.01346079679036914
ADVANC.BK,6.3_ref,pct_no_move,0.12378303198887343
ADVANC.BK,6.3_ref,naive_MAE_over_cost,2.927996417761897
ADVANC.BK,6.3_ref,pct_abs_move_above_cost,0.803894297635605
ADVANC.BK,6.3_ref,pct_up_above_cost,0.4144645340751043
ADVANC.BK,6.2_close_bar16_confirm,status,ยังไม่ได้ยืนยัน
