recorded_at,prediction_type,ticker,target_date,data_cutoff,model,config_tag,code_commit,generated_at,is_dry_run,prev_close,predicted_return,predicted_close,actual_close,actual_return,error_return,abs_error,abs_error_baht,naive_abs_error,beat_naive,prev_close_match,outcome_source,outcome_sha256
2026-10-02T08:31:11+07:00,same_day_1600,KBANK.BK,2026-09-30,2026-09-30T16:00:00+07:00,ANN (MLP),phase1d-modeA,9eaca73f7adbeeeb305b0c50cfe98bd67fddbca0,2026-09-30T16:22:47+07:00,False,233.0,0.0013318939506689,233.31033129050587,234.0,0.0042918454935623185,-0.0029599515428934183,0.0029599515428934183,0.6896687094941665,0.0042918454935623185,win,True,C:\StudyUniversity\CN340\forLog\now\task_b\raw_data_intraday_live\20261001\KBANK_BK_1h_160222.csv,81b6b50832cd9b3a9243911956ee2655486ebf817d8306c88da85cf4b4fbf75b
2026-10-02T08:31:11+07:00,same_day_1600,KBANK.BK,2026-09-30,2026-09-30T16:00:00+07:00,Random Forest,phase1d-modeA,9eaca73f7adbeeeb305b0c50cfe98bd67fddbca0,2026-09-30T16:22:47+07:00,False,233.0,0.001717218793509,233.4001119788876,234.0,0.0042918454935623185,-0.0025746267000533183,0.0025746267000533183,0.5998880211124231,0.0042918454935623185,win,True,C:\StudyUniversity\CN340\forLog\now\task_b\raw_data_intraday_live\20261001\KBANK_BK_1h_160222.csv,81b6b50832cd9b3a9243911956ee2655486ebf817d8306c88da85cf4b4fbf75b
2026-10-02T08:31:11+07:00,same_day_1600,KBANK.BK,2026-09-30,2026-09-30T16:00:00+07:00,XGBoost,phase1d-modeA,9eaca73f7adbeeeb305b0c50cfe98bd67fddbca0,2026-09-30T16:22:47+07:00,False,233.0,0.0018360395915806,233.4277972248383,234.0,0.0042918454935623185,-0.0024558059019817186,0.0024558059019817186,0.5722027751617405,0.0042918454935623185,win,True,C:\StudyUniversity\CN340\forLog\now\task_b\raw_data_intraday_live\20261001\KBANK_BK_1h_160222.csv,81b6b50832cd9b3a9243911956ee2655486ebf817d8306c88da85cf4b4fbf75b
2026-10-02T08:31:11+07:00,same_day_1600,ADVANC.BK,2026-09-30,2026-09-30T16:00:00+07:00,ANN (MLP),phase1d-modeA,9eaca73f7adbeeeb305b0c50cfe98bd67fddbca0,2026-09-30T16:22:47+07:00,False,344.0,0.0006882721684198,344.2367656259364,344.0,0.0,0.0006882721684198,0.0006882721684198,0.2367656259364112,0.0,lose,True,C:\StudyUniversity\CN340\forLog\now\task_b\raw_data_intraday_live\20261001\ADVANC_BK_1h_160222.csv,53a6c27881d98ac7581dd62aa839d789735de3259e9d1587ef4ad0342bcc0852
2026-10-02T08:31:11+07:00,same_day_1600,ADVANC.BK,2026-09-30,2026-09-30T16:00:00+07:00,Random Forest,phase1d-modeA,9eaca73f7adbeeeb305b0c50cfe98bd67fddbca0,2026-09-30T16:22:47+07:00,False,344.0,0.0004501277621579,344.1548439501823,344.0,0.0,0.0004501277621579,0.0004501277621579,0.15484395018231759,0.0,lose,True,C:\StudyUniversity\CN340\forLog\now\task_b\raw_data_intraday_live\20261001\ADVANC_BK_1h_160222.csv,53a6c27881d98ac7581dd62aa839d789735de3259e9d1587ef4ad0342bcc0852
2026-10-02T08:31:11+07:00,same_day_1600,ADVANC.BK,2026-09-30,2026-09-30T16:00:00+07:00,XGBoost,phase1d-modeA,9eaca73f7adbeeeb305b0c50cfe98bd67fddbca0,2026-09-30T16:22:47+07:00,False,344.0,0.0006350347539409,344.2184519553557,344.0,0.0,0.0006350347539409,0.0006350347539409,0.21845195535566958,0.0,lose,True,C:\StudyUniversity\CN340\forLog\now\task_b\raw_data_intraday_live\20261001\ADVANC_BK_1h_160222.csv,53a6c27881d98ac7581dd62aa839d789735de3259e9d1587ef4ad0342bcc0852
2026-10-02T08:31:11+07:00,next_day,KBANK.BK,2026-10-01,2026-09-30,ANN (MLP),phase1c-tuned,959150849ebcb23bcfffd2a65c71a50dbeb8988e,2026-10-01T08:50:25+07:00,False,234.0,0.000459735573199,234.10757812412857,233.0,-0.004273504273504258,0.004733239846703258,0.004733239846703258,1.1075781241285625,0.004273504273504258,lose,True,raw_data/KBANK_10Y_Cleaned.csv (investing.com + yahoo · ดู raw_data_sources/),7afd429e2b3f76f5c69210c5217219b411a212dc3d96157c675303c732f0f8a7
2026-10-02T08:31:11+07:00,next_day,KBANK.BK,2026-10-01,2026-09-30,Random Forest,phase1c-tuned,959150849ebcb23bcfffd2a65c71a50dbeb8988e,2026-10-01T08:50:25+07:00,False,234.0,0.000197318972115,234.0461726394749,233.0,-0.004273504273504258,0.004470823245619258,0.004470823245619258,1.0461726394749065,0.004273504273504258,lose,True,raw_data/KBANK_10Y_Cleaned.csv (investing.com + yahoo · ดู raw_data_sources/),7afd429e2b3f76f5c69210c5217219b411a212dc3d96157c675303c732f0f8a7
2026-10-02T08:31:11+07:00,next_day,KBANK.BK,2026-10-01,2026-09-30,XGBoost,phase1c-tuned,959150849ebcb23bcfffd2a65c71a50dbeb8988e,2026-10-01T08:50:25+07:00,False,234.0,0.0005669575184583,234.1326680593193,233.0,-0.004273504273504258,0.004840461791962559,0.004840461791962559,1.1326680593192389,0.004273504273504258,lose,True,raw_data/KBANK_10Y_Cleaned.csv (investing.com + yahoo · ดู raw_data_sources/),7afd429e2b3f76f5c69210c5217219b411a212dc3d96157c675303c732f0f8a7
2026-10-02T08:31:11+07:00,next_day,ADVANC.BK,2026-10-01,2026-09-30,ANN (MLP),phase1c-tuned,959150849ebcb23bcfffd2a65c71a50dbeb8988e,2026-10-01T08:50:25+07:00,False,342.0,0.0011638344963703,342.39803139775864,345.0,0.00877192982456143,-0.007608095328191131,0.007608095328191131,2.601968602241367,0.00877192982456143,win,True,raw_data/ADVANC_10Y_Cleaned.csv (investing.com + yahoo · ดู raw_data_sources/),c99f580fb5f15e880528ded9378fcb3513acb13dd9b2502765b7e82da43a618a
2026-10-02T08:31:11+07:00,next_day,ADVANC.BK,2026-10-01,2026-09-30,Random Forest,phase1c-tuned,959150849ebcb23bcfffd2a65c71a50dbeb8988e,2026-10-01T08:50:25+07:00,False,342.0,0.0016125709529391,342.5514992659052,345.0,0.00877192982456143,-0.007159358871622331,0.007159358871622331,2.448500734094837,0.00877192982456143,win,True,raw_data/ADVANC_10Y_Cleaned.csv (investing.com + yahoo · ดู raw_data_sources/),c99f580fb5f15e880528ded9378fcb3513acb13dd9b2502765b7e82da43a618a
2026-10-02T08:31:11+07:00,next_day,ADVANC.BK,2026-10-01,2026-09-30,XGBoost,phase1c-tuned,959150849ebcb23bcfffd2a65c71a50dbeb8988e,2026-10-01T08:50:25+07:00,False,342.0,0.0017640395089983,342.60330151207745,345.0,0.00877192982456143,-0.0070078903155631304,0.0070078903155631304,2.3966984879225905,0.00877192982456143,win,True,raw_data/ADVANC_10Y_Cleaned.csv (investing.com + yahoo · ดู raw_data_sources/),c99f580fb5f15e880528ded9378fcb3513acb13dd9b2502765b7e82da43a618a
