generated_at,prediction_type,ticker,target_date,data_cutoff,train_rows,half_life,model,predicted_return,prev_close,predicted_close,n_features,dataset_sha256,code_commit,config_tag,is_dry_run
2026-09-27T18:04:08+07:00,next_day,KBANK.BK,2025-02-25,2025-02-24,2049,,ANN (MLP),-0.0001105367165170031,157.5,157.48259046714858,29,c2068d4ce1c71db7,b5b77e6e48f195176755e4ba4d8bc84c45575170,phase1b-untuned,True
2026-09-27T18:04:08+07:00,next_day,KBANK.BK,2025-02-25,2025-02-24,2049,,Random Forest,-0.001056647756327768,157.5,157.33357797837837,29,c2068d4ce1c71db7,b5b77e6e48f195176755e4ba4d8bc84c45575170,phase1b-untuned,True
2026-09-27T18:04:08+07:00,next_day,KBANK.BK,2025-02-25,2025-02-24,2049,,XGBoost,0.005776925943791866,157.5,158.40986583614722,29,c2068d4ce1c71db7,b5b77e6e48f195176755e4ba4d8bc84c45575170,phase1b-untuned,True
2026-09-27T18:04:08+07:00,next_day,ADVANC.BK,2025-02-25,2025-02-24,2049,,ANN (MLP),0.0025495710475642833,286.0,286.72917731960337,29,cbd5db1d6dbc3dd0,b5b77e6e48f195176755e4ba4d8bc84c45575170,phase1b-untuned,True
2026-09-27T18:04:08+07:00,next_day,ADVANC.BK,2025-02-25,2025-02-24,2049,,Random Forest,0.0020884278018045753,286.0,286.5972903513161,29,cbd5db1d6dbc3dd0,b5b77e6e48f195176755e4ba4d8bc84c45575170,phase1b-untuned,True
2026-09-27T18:04:08+07:00,next_day,ADVANC.BK,2025-02-25,2025-02-24,2049,,XGBoost,0.0036335026379674673,286.0,287.0391817544587,29,cbd5db1d6dbc3dd0,b5b77e6e48f195176755e4ba4d8bc84c45575170,phase1b-untuned,True
2026-09-27T18:39:21+07:00,next_day,KBANK.BK,2025-02-25,2025-02-24,2049,,ANN (MLP),-0.0001105367165170031,157.5,157.48259046714858,29,c2068d4ce1c71db7,9a8f061c00e7b9a36d29b6b52d77cd2ea72021bd,phase1b-untuned,True
2026-09-27T18:39:21+07:00,next_day,KBANK.BK,2025-02-25,2025-02-24,2049,,Random Forest,-0.0010566477563277682,157.5,157.33357797837837,29,c2068d4ce1c71db7,9a8f061c00e7b9a36d29b6b52d77cd2ea72021bd,phase1b-untuned,True
2026-09-27T18:39:21+07:00,next_day,KBANK.BK,2025-02-25,2025-02-24,2049,,XGBoost,0.005776925943791866,157.5,158.40986583614722,29,c2068d4ce1c71db7,9a8f061c00e7b9a36d29b6b52d77cd2ea72021bd,phase1b-untuned,True
2026-09-27T18:39:21+07:00,next_day,ADVANC.BK,2025-02-25,2025-02-24,2049,,ANN (MLP),0.0025495710475642833,286.0,286.72917731960337,29,cbd5db1d6dbc3dd0,9a8f061c00e7b9a36d29b6b52d77cd2ea72021bd,phase1b-untuned,True
2026-09-27T18:39:21+07:00,next_day,ADVANC.BK,2025-02-25,2025-02-24,2049,,Random Forest,0.0020884278018045753,286.0,286.5972903513161,29,cbd5db1d6dbc3dd0,9a8f061c00e7b9a36d29b6b52d77cd2ea72021bd,phase1b-untuned,True
2026-09-27T18:39:21+07:00,next_day,ADVANC.BK,2025-02-25,2025-02-24,2049,,XGBoost,0.0036335026379674673,286.0,287.0391817544587,29,cbd5db1d6dbc3dd0,9a8f061c00e7b9a36d29b6b52d77cd2ea72021bd,phase1b-untuned,True
2026-09-27T19:09:19+07:00,next_day,KBANK.BK,2025-02-25,2025-02-24,2049,,ANN (MLP),0.0008723406950363633,157.5,157.63739365946824,29,c2068d4ce1c71db7,c1acfa93cf35c5f0093c643a4ade43aca6e2dee1,phase1c-tuned,True
2026-09-27T19:09:19+07:00,next_day,KBANK.BK,2025-02-25,2025-02-24,2049,,Random Forest,0.00012876531784443028,157.5,157.5202805375605,29,c2068d4ce1c71db7,c1acfa93cf35c5f0093c643a4ade43aca6e2dee1,phase1c-tuned,True
2026-09-27T19:09:19+07:00,next_day,KBANK.BK,2025-02-25,2025-02-24,2049,,XGBoost,0.00019751169020310044,157.5,157.531108091207,29,c2068d4ce1c71db7,c1acfa93cf35c5f0093c643a4ade43aca6e2dee1,phase1c-tuned,True
2026-09-27T19:09:19+07:00,next_day,ADVANC.BK,2025-02-25,2025-02-24,2049,,ANN (MLP),0.0007564407718133166,286.0,286.2163420607386,29,cbd5db1d6dbc3dd0,c1acfa93cf35c5f0093c643a4ade43aca6e2dee1,phase1c-tuned,True
2026-09-27T19:09:19+07:00,next_day,ADVANC.BK,2025-02-25,2025-02-24,2049,,Random Forest,0.0008594381397459086,286.0,286.24579930796733,29,cbd5db1d6dbc3dd0,c1acfa93cf35c5f0093c643a4ade43aca6e2dee1,phase1c-tuned,True
2026-09-27T19:09:19+07:00,next_day,ADVANC.BK,2025-02-25,2025-02-24,2049,,XGBoost,0.0005369932623580098,286.0,286.1535800730344,29,cbd5db1d6dbc3dd0,c1acfa93cf35c5f0093c643a4ade43aca6e2dee1,phase1c-tuned,True
