stage,model,config_id,primary_score,min_StdRatio,passed_guard,rank,half_life,winner
1,ANN (MLP),0,0.0098041429099838,0.347006675384314,True,1.0,,True
1,ANN (MLP),1,0.0099292972779663,0.3528589424983981,True,3.0,1000,False
1,ANN (MLP),2,0.0098395331258773,0.3576799530962607,True,2.0,500,False
1,ANN (MLP),3,0.0100991830048557,0.4153757969718257,True,4.0,250,False
1,ANN (MLP),4,0.0106801342259611,0.4683569187562789,True,5.0,125,False
1,Random Forest,0,0.009196672585679,0.1047305943874653,True,1.0,,True
1,Random Forest,1,0.0092051314835683,0.1230126930045151,True,2.0,1000,False
1,Random Forest,2,0.0092257325230583,0.1430139812115879,True,3.0,500,False
1,Random Forest,3,0.0093329575937414,0.1719995104047587,True,4.0,250,False
1,Random Forest,4,0.0093916199347058,0.1940809834851155,True,5.0,125,False
1,XGBoost,0,0.0094120967658686,0.2609287508308834,True,1.0,,True
1,XGBoost,1,0.0094811721190067,0.2565251216849443,True,2.0,1000,False
1,XGBoost,2,0.0095608603754211,0.2729842788896833,True,3.0,500,False
1,XGBoost,3,0.0097276511832124,0.3102142295518202,True,4.0,250,False
1,XGBoost,4,0.0100408122551934,0.3419263156983662,True,5.0,125,False
2,ANN (MLP),0,0.00979446461363317,0.27793864965652676,True,8.0,,False
2,ANN (MLP),1,0.010091333285285895,0.3957053285570719,True,10.0,,False
2,ANN (MLP),2,0.010698559888149743,0.5199101958467153,True,12.0,,False
2,ANN (MLP),3,0.009584836677304687,0.2524992647478434,True,6.0,,False
2,ANN (MLP),4,0.009804142909983814,0.347006675384314,True,9.0,,False
2,ANN (MLP),5,0.010116759155292726,0.4513105326988141,True,11.0,,False
2,ANN (MLP),6,0.009417874226643795,0.23702933182558172,True,4.0,,False
2,ANN (MLP),7,0.009550726241728117,0.2716557216084917,True,5.0,,False
2,ANN (MLP),8,0.009594104569298536,0.31638740034035695,True,7.0,,False
2,ANN (MLP),9,0.009217632339779418,0.08362854865419869,True,2.0,,True
2,ANN (MLP),10,0.009217112506635988,0.06834707209683015,True,1.0,,False
2,ANN (MLP),11,0.009220781596438481,0.06973151738169628,True,3.0,,False
2,Random Forest,0,0.009174798400195722,0.053653425845080566,True,4.0,,False
2,Random Forest,1,0.00916711796301777,0.054198973715501295,True,2.0,,False
2,Random Forest,2,0.009168894675937218,0.09419750017458477,True,3.0,,False
2,Random Forest,3,0.009166601517839502,0.08941204561688555,True,1.0,,True
2,Random Forest,4,0.009196672585679072,0.10473059438746536,True,10.0,,False
2,Random Forest,5,0.009187457295721601,0.09804961452722964,True,8.0,,False
2,Random Forest,6,0.009183953030951817,0.11449226126369899,True,6.0,,False
2,Random Forest,7,0.00918344175164605,0.11070900852775875,True,5.0,,False
2,Random Forest,8,0.009222914547852396,0.1324694631406687,True,12.0,,False
2,Random Forest,9,0.009205312398258088,0.13096650422701514,True,11.0,,False
2,Random Forest,10,0.009188317920926658,0.11501062087987507,True,9.0,,False
2,Random Forest,11,0.009186769100847833,0.11160772930676197,True,7.0,,False
2,XGBoost,0,0.009166051696717381,0.05686245443276351,True,1.0,,True
2,XGBoost,1,0.00917894463876593,0.07614584200893787,True,2.0,,False
2,XGBoost,2,0.009310348720027424,0.20190759872371805,True,8.0,,False
2,XGBoost,3,0.009292239453159169,0.17205114746222094,True,7.0,,False
2,XGBoost,4,0.00918451330969518,0.08096656484158522,True,3.0,,False
2,XGBoost,5,0.009200755293001973,0.08466416832287976,True,5.0,,False
2,XGBoost,6,0.00941209676586869,0.26092875083088346,True,9.0,,False
2,XGBoost,7,0.009506873689786987,0.23171892809449302,True,11.0,,False
2,XGBoost,8,0.009192838396529554,0.0947340342739835,True,4.0,,False
2,XGBoost,9,0.009251314982851628,0.13063539993759685,True,6.0,,False
2,XGBoost,10,0.009495510001375173,0.30347901951681494,True,10.0,,False
2,XGBoost,11,0.009680119379330469,0.31729824940087265,True,12.0,,False
2_refit10,ANN (MLP),9,0.009199415985445733,0.06359926845169969,True,,,False
