stage,model,config_id,half_life,ticker,fold,train_rows,eval_rows,MAE_return,StdRatio,Bias,n_seeds
1,ANN (MLP),0,,KBANK.BK,1,1250,266,0.010354341733078138,0.41673595199004804,-9.831694638009878e-05,3.0
1,ANN (MLP),0,,KBANK.BK,2,1516,266,0.009666929144473016,0.3700436112762995,0.0005096192626339799,3.0
1,ANN (MLP),0,,KBANK.BK,3,1782,266,0.008751155615281614,0.4083234016149693,-0.0007948457107648408,3.0
1,ANN (MLP),0,,ADVANC.BK,1,1250,266,0.011090016524924941,0.485873542621198,-8.750982761847337e-05,3.0
1,ANN (MLP),0,,ADVANC.BK,2,1516,266,0.007952499092720444,0.347006675384314,-0.001050466123420017,3.0
1,ANN (MLP),0,,ADVANC.BK,3,1782,266,0.011009915349424738,0.4141536787769574,-0.0012933599995224268,3.0
1,ANN (MLP),1,1000,KBANK.BK,1,1250,266,0.010670170991050318,0.41393334887818656,-0.0006687349980772522,3.0
1,ANN (MLP),1,1000,KBANK.BK,2,1516,266,0.010071156963211373,0.38799649025968863,-4.0645414923511193e-05,3.0
1,ANN (MLP),1,1000,KBANK.BK,3,1782,266,0.008824177854956778,0.42046329652402226,-0.0012580193165206979,3.0
1,ANN (MLP),1,1000,ADVANC.BK,1,1250,266,0.01086759753479465,0.4981066877145862,3.295100253694658e-05,3.0
1,ANN (MLP),1,1000,ADVANC.BK,2,1516,266,0.008088052892621147,0.3528589424983981,-0.0009947089603016223,3.0
1,ANN (MLP),1,1000,ADVANC.BK,3,1782,266,0.011054627431163921,0.39990687797324576,-0.0012585433675719336,3.0
1,ANN (MLP),2,500,KBANK.BK,1,1250,266,0.010717781150506813,0.4746936034885272,-0.0009503289812197164,3.0
1,ANN (MLP),2,500,KBANK.BK,2,1516,266,0.009886902479253931,0.4088680550358862,9.443017442594574e-05,3.0
1,ANN (MLP),2,500,KBANK.BK,3,1782,266,0.008823932265137708,0.3891140086453494,-0.00116495581490184,3.0
1,ANN (MLP),2,500,ADVANC.BK,1,1250,266,0.010865566967869904,0.49413967767672995,1.6230155244450977e-05,3.0
1,ANN (MLP),2,500,ADVANC.BK,2,1516,266,0.008153121518679706,0.3850833405743658,-0.0012426959640098212,3.0
1,ANN (MLP),2,500,ADVANC.BK,3,1782,266,0.010589894373815826,0.35767995309626077,-0.0011347576723250736,3.0
1,ANN (MLP),3,250,KBANK.BK,1,1250,266,0.011306091813837694,0.5990831859742635,-0.0007181903532380922,3.0
1,ANN (MLP),3,250,KBANK.BK,2,1516,266,0.010138321794506163,0.4664262182800905,0.00022270198435598714,3.0
1,ANN (MLP),3,250,KBANK.BK,3,1782,266,0.009046937703427831,0.4153757969718257,-0.001270367392943866,3.0
1,ANN (MLP),3,250,ADVANC.BK,1,1250,266,0.010541040761952261,0.48144032995728503,-8.303610944495696e-05,3.0
1,ANN (MLP),3,250,ADVANC.BK,2,1516,266,0.00855824005008931,0.5141280213145811,-0.0013864906229688332,3.0
1,ANN (MLP),3,250,ADVANC.BK,3,1782,266,0.011004465905321163,0.4562893053012787,-0.0014213675131423522,3.0
1,ANN (MLP),4,125,KBANK.BK,1,1250,266,0.012984545294024265,0.8207934011447487,-0.0006242754275806776,3.0
1,ANN (MLP),4,125,KBANK.BK,2,1516,266,0.01088843612466695,0.5799675988917684,-0.00015499600003360852,3.0
1,ANN (MLP),4,125,KBANK.BK,3,1782,266,0.00958337055541748,0.4963216695345038,-0.001237953940054253,3.0
1,ANN (MLP),4,125,ADVANC.BK,1,1250,266,0.010714955168908398,0.5450481055406737,-0.0005495456898953003,3.0
1,ANN (MLP),4,125,ADVANC.BK,2,1516,266,0.008795692626636981,0.5919656205533077,-0.001381989710911724,3.0
1,ANN (MLP),4,125,ADVANC.BK,3,1782,266,0.011113805586112838,0.46835691875627894,-0.0014718517017529942,3.0
1,Random Forest,0,,KBANK.BK,1,1250,266,0.009714435732944608,0.12531228740741232,-0.0002014705745371916,
1,Random Forest,0,,KBANK.BK,2,1516,266,0.009454135282137654,0.10473059438746536,-6.5488255074991025e-06,
1,Random Forest,0,,KBANK.BK,3,1782,266,0.008320910395527532,0.11766089760053197,-0.0009594928059969782,
1,Random Forest,0,,ADVANC.BK,1,1250,266,0.00988452208987134,0.14689208278296342,-4.021407718586368e-05,
1,Random Forest,0,,ADVANC.BK,2,1516,266,0.0075845992364313945,0.13745818048308178,-0.000457479973361599,
1,Random Forest,0,,ADVANC.BK,3,1782,266,0.010221432777161909,0.14582893885672957,-0.00114692616777461,
1,Random Forest,1,1000,KBANK.BK,1,1250,266,0.009717074906925367,0.14053165198567816,-0.0002798915612279358,
1,Random Forest,1,1000,KBANK.BK,2,1516,266,0.009468019530273333,0.12301269300451517,-6.016633644689287e-05,
1,Random Forest,1,1000,KBANK.BK,3,1782,266,0.008355658485326198,0.15769293601375972,-0.0009103210397296532,
1,Random Forest,1,1000,ADVANC.BK,1,1250,266,0.009871154775636236,0.15094743304433308,2.4709587943363954e-05,
1,Random Forest,1,1000,ADVANC.BK,2,1516,266,0.0075875995811595974,0.15751330510173234,-0.0005929498276651739,
1,Random Forest,1,1000,ADVANC.BK,3,1782,266,0.01023128162208929,0.1505221875633696,-0.0011486359604862956,
1,Random Forest,2,500,KBANK.BK,1,1250,266,0.009804326698927777,0.17268913221305368,-0.00030855173723120876,
1,Random Forest,2,500,KBANK.BK,2,1516,266,0.009427228655823452,0.1430139812115879,8.978888106781799e-05,
1,Random Forest,2,500,KBANK.BK,3,1782,266,0.008361539259497992,0.17044242974065912,-0.0010173154960652936,
1,Random Forest,2,500,ADVANC.BK,1,1250,266,0.009863270261063957,0.1718690674316296,3.814719658360817e-05,
1,Random Forest,2,500,ADVANC.BK,2,1516,266,0.007664779372274859,0.18004058959742658,-0.0007365099699052377,
1,Random Forest,2,500,ADVANC.BK,3,1782,266,0.010233250890761958,0.15725749485558918,-0.0012343422720454771,
1,Random Forest,3,250,KBANK.BK,1,1250,266,0.010013380772064201,0.262450267045709,-0.0002752763039439434,
1,Random Forest,3,250,KBANK.BK,2,1516,266,0.009494507176568296,0.19968306421877344,7.576384869453583e-05,
1,Random Forest,3,250,KBANK.BK,3,1782,266,0.008406362364422867,0.23392228739120902,-0.0013549988088864936,
1,Random Forest,3,250,ADVANC.BK,1,1250,266,0.009887844581872031,0.2187381895977071,5.4562396636915834e-05,
1,Random Forest,3,250,ADVANC.BK,2,1516,266,0.007822814558912563,0.22450292382435552,-0.0009886577301595758,
1,Random Forest,3,250,ADVANC.BK,3,1782,266,0.010372836108608726,0.17199951040475878,-0.0013962329934382282,
1,Random Forest,4,125,KBANK.BK,1,1250,266,0.01020295153812499,0.33103671790698364,9.940093391381062e-05,
1,Random Forest,4,125,KBANK.BK,2,1516,266,0.009384552963953716,0.23123865323576964,0.0003276499304014538,
1,Random Forest,4,125,KBANK.BK,3,1782,266,0.00843443005836335,0.2542641162249391,-0.0016487854114205364,
1,Random Forest,4,125,ADVANC.BK,1,1250,266,0.010095130373271047,0.29286526196469703,0.00022956628788027087,
1,Random Forest,4,125,ADVANC.BK,2,1516,266,0.0077418934311097205,0.20581157251979426,-0.0012812412439860902,
1,Random Forest,4,125,ADVANC.BK,3,1782,266,0.010490761243412161,0.19408098348511554,-0.0014743169864162686,
1,XGBoost,0,,KBANK.BK,1,1250,266,0.009851485050915225,0.2969271640395779,-0.0005298665964962709,
1,XGBoost,0,,KBANK.BK,2,1516,266,0.009584755517583084,0.2650513457986707,-0.0003468573678635507,
1,XGBoost,0,,KBANK.BK,3,1782,266,0.00840448162965991,0.30849363607042884,-0.0010195528421904573,
1,XGBoost,0,,ADVANC.BK,1,1250,266,0.010253288677941102,0.30150606141651426,-0.00037767335908150664,
1,XGBoost,0,,ADVANC.BK,2,1516,266,0.007836818667273614,0.26092875083088346,-0.00038247825139807093,
1,XGBoost,0,,ADVANC.BK,3,1782,266,0.0105417510518392,0.29084085726163883,-0.000812767700350754,
1,XGBoost,1,1000,KBANK.BK,1,1250,266,0.0099361403561766,0.2851030490079164,-0.0006942088452399868,
1,XGBoost,1,1000,KBANK.BK,2,1516,266,0.009613001406266237,0.2707350026609561,-0.0005187306249216356,
1,XGBoost,1,1000,KBANK.BK,3,1782,266,0.008432552828527715,0.3286998584396666,-0.0009205743930156675,
1,XGBoost,1,1000,ADVANC.BK,1,1250,266,0.01028354926795234,0.30494078858982815,-0.00033095130802878164,
1,XGBoost,1,1000,ADVANC.BK,2,1516,266,0.007883318503514024,0.25652512168494435,-0.0005128419644547427,
1,XGBoost,1,1000,ADVANC.BK,3,1782,266,0.010738470351603645,0.33207128718683,-0.0005658984228589875,
1,XGBoost,2,500,KBANK.BK,1,1250,266,0.010158454653035873,0.3663311570852628,-0.0007257102695048087,
1,XGBoost,2,500,KBANK.BK,2,1516,266,0.009784510401287727,0.287558866468786,-0.00039048461198490223,
1,XGBoost,2,500,KBANK.BK,3,1782,266,0.008361790267614777,0.3337785291293745,-0.0009565970702007063,
1,XGBoost,2,500,ADVANC.BK,1,1250,266,0.010204326558759714,0.29900694664093064,-9.660279887466894e-05,
1,XGBoost,2,500,ADVANC.BK,2,1516,266,0.007945471844189051,0.2729842788896833,-0.0005661925951211679,
1,XGBoost,2,500,ADVANC.BK,3,1782,266,0.010910608527639974,0.3241934085976454,-0.0009489518471570995,
1,XGBoost,3,250,KBANK.BK,1,1250,266,0.010560354268857021,0.43671142135053426,-0.0008151418288165363,
1,XGBoost,3,250,KBANK.BK,2,1516,266,0.010114296117639743,0.3396931848746886,-0.0003554789094654125,
1,XGBoost,3,250,KBANK.BK,3,1782,266,0.008472548805098023,0.4139547326394587,-0.0010454468961725851,
1,XGBoost,3,250,ADVANC.BK,1,1250,266,0.010339484222400431,0.31911666872840294,-0.0002833361984710616,
1,XGBoost,3,250,ADVANC.BK,2,1516,266,0.007947210469400131,0.3178416755000017,-0.00047226886700484387,
1,XGBoost,3,250,ADVANC.BK,3,1782,266,0.01093201321587933,0.31021422955182026,-0.0010958960645602177,
1,XGBoost,4,125,KBANK.BK,1,1250,266,0.011471324299976661,0.5312698987745065,-0.0012579124585613323,
1,XGBoost,4,125,KBANK.BK,2,1516,266,0.010261272807215168,0.3912784840068062,-6.457610734071859e-05,
1,XGBoost,4,125,KBANK.BK,3,1782,266,0.008655959103843891,0.3827263021399783,-0.0016164527603332484,
1,XGBoost,4,125,ADVANC.BK,1,1250,266,0.010549704488840371,0.3792269535020531,-0.0003267378873558898,
1,XGBoost,4,125,ADVANC.BK,2,1516,266,0.008192555752372408,0.37532095004747684,-0.000711692769054116,
1,XGBoost,4,125,ADVANC.BK,3,1782,266,0.011114057078912424,0.3419263156983662,-0.0013393819532689158,
