stage,model,config_id,half_life,ticker,fold,train_rows,eval_rows,MAE_return,StdRatio,Bias,n_seeds,alpha,hidden_layer_sizes,max_depth,min_samples_leaf,max_features,learning_rate,subsample
2,ANN (MLP),0,,KBANK.BK,1,1250,266,0.01044275075601236,0.39637057638763423,4.8152575749632394e-05,3.0,0.3,"(8, 4)",,,,,
2,ANN (MLP),0,,KBANK.BK,2,1516,266,0.009921931950365257,0.3331967140922376,0.00045055414449619396,3.0,0.3,"(8, 4)",,,,,
2,ANN (MLP),0,,KBANK.BK,3,1782,266,0.009193259360239781,0.3453634681577521,-0.0004700875894757153,3.0,0.3,"(8, 4)",,,,,
2,ANN (MLP),0,,ADVANC.BK,1,1250,266,0.010480778423883633,0.31102322612551375,0.00018406672730518408,3.0,0.3,"(8, 4)",,,,,
2,ANN (MLP),0,,ADVANC.BK,2,1516,266,0.007842276830480905,0.27793864965652676,-0.0010111415493692032,3.0,0.3,"(8, 4)",,,,,
2,ANN (MLP),0,,ADVANC.BK,3,1782,266,0.010885790360817084,0.29522506027462486,-0.001234195515180752,3.0,0.3,"(8, 4)",,,,,
2,ANN (MLP),1,,KBANK.BK,1,1250,266,0.01090116536066271,0.48994412191564213,-0.0008332940752324292,3.0,0.3,"(16, 8)",,,,,
2,ANN (MLP),1,,KBANK.BK,2,1516,266,0.010056757036080352,0.4748368474882517,0.0004989246866242199,3.0,0.3,"(16, 8)",,,,,
2,ANN (MLP),1,,KBANK.BK,3,1782,266,0.009102478763918134,0.4611983381978746,-0.0004458971746221134,3.0,0.3,"(16, 8)",,,,,
2,ANN (MLP),1,,ADVANC.BK,1,1250,266,0.01157108442151318,0.6025749004289741,-0.00020453676179735478,3.0,0.3,"(16, 8)",,,,,
2,ANN (MLP),1,,ADVANC.BK,2,1516,266,0.008206103307202827,0.39604254416379747,-0.0010139674972450658,3.0,0.3,"(16, 8)",,,,,
2,ANN (MLP),1,,ADVANC.BK,3,1782,266,0.010710410822338163,0.3957053285570719,-0.0012787668932661646,3.0,0.3,"(16, 8)",,,,,
2,ANN (MLP),2,,KBANK.BK,1,1250,266,0.01103088766176558,0.5751589391072163,-0.001271566713514744,3.0,0.3,"(32, 16)",,,,,
2,ANN (MLP),2,,KBANK.BK,2,1516,266,0.010482878309892798,0.6204060510976602,0.0004455821117465181,3.0,0.3,"(32, 16)",,,,,
2,ANN (MLP),2,,KBANK.BK,3,1782,266,0.009833196485514572,0.6563017009610002,0.00020422742080188037,3.0,0.3,"(32, 16)",,,,,
2,ANN (MLP),2,,ADVANC.BK,1,1250,266,0.012101703104285244,0.6843165795499,0.0012252633515875346,3.0,0.3,"(32, 16)",,,,,
2,ANN (MLP),2,,ADVANC.BK,2,1516,266,0.008976211928249305,0.6057991611413776,-0.0015779062265846736,3.0,0.3,"(32, 16)",,,,,
2,ANN (MLP),2,,ADVANC.BK,3,1782,266,0.01176648183919095,0.5199101958467153,-0.00013368663488510165,3.0,0.3,"(32, 16)",,,,,
2,ANN (MLP),3,,KBANK.BK,1,1250,266,0.010245556838371712,0.3516134651780597,-0.0004234847000610853,3.0,1.0,"(8, 4)",,,,,
2,ANN (MLP),3,,KBANK.BK,2,1516,266,0.009503562436583598,0.3145607898131777,0.0004635987228270327,3.0,1.0,"(8, 4)",,,,,
2,ANN (MLP),3,,KBANK.BK,3,1782,266,0.00895135656365543,0.2957753019468082,-0.0007181464459436389,3.0,1.0,"(8, 4)",,,,,
2,ANN (MLP),3,,ADVANC.BK,1,1250,266,0.01044366737421612,0.33288226352086697,-0.0002746401937813126,3.0,1.0,"(8, 4)",,,,,
2,ANN (MLP),3,,ADVANC.BK,2,1516,266,0.007739058282425743,0.2524992647478434,-0.000706489305791012,3.0,1.0,"(8, 4)",,,,,
2,ANN (MLP),3,,ADVANC.BK,3,1782,266,0.01062581856857552,0.2831414237399005,-0.001043339047657473,3.0,1.0,"(8, 4)",,,,,
2,ANN (MLP),4,,KBANK.BK,1,1250,266,0.010354341733078138,0.41673595199004804,-9.831694638009878e-05,3.0,1.0,"(16, 8)",,,,,
2,ANN (MLP),4,,KBANK.BK,2,1516,266,0.009666929144473016,0.3700436112762995,0.0005096192626339799,3.0,1.0,"(16, 8)",,,,,
2,ANN (MLP),4,,KBANK.BK,3,1782,266,0.008751155615281614,0.4083234016149693,-0.0007948457107648408,3.0,1.0,"(16, 8)",,,,,
2,ANN (MLP),4,,ADVANC.BK,1,1250,266,0.011090016524924941,0.485873542621198,-8.750982761847337e-05,3.0,1.0,"(16, 8)",,,,,
2,ANN (MLP),4,,ADVANC.BK,2,1516,266,0.007952499092720444,0.347006675384314,-0.001050466123420017,3.0,1.0,"(16, 8)",,,,,
2,ANN (MLP),4,,ADVANC.BK,3,1782,266,0.011009915349424738,0.4141536787769574,-0.0012933599995224268,3.0,1.0,"(16, 8)",,,,,
2,ANN (MLP),5,,KBANK.BK,1,1250,266,0.010405717018804295,0.46433620314810364,-0.0010734091354398635,3.0,1.0,"(32, 16)",,,,,
2,ANN (MLP),5,,KBANK.BK,2,1516,266,0.01007612508253807,0.4513105326988141,-6.167106142915537e-05,3.0,1.0,"(32, 16)",,,,,
2,ANN (MLP),5,,KBANK.BK,3,1782,266,0.008994646587684597,0.4738606915910392,-0.0006559630476035481,3.0,1.0,"(32, 16)",,,,,
2,ANN (MLP),5,,ADVANC.BK,1,1250,266,0.011323100938408041,0.533625449661403,0.0007135251031946412,3.0,1.0,"(32, 16)",,,,,
2,ANN (MLP),5,,ADVANC.BK,2,1516,266,0.00862975723336687,0.4673890208586861,-0.0013868840881750225,3.0,1.0,"(32, 16)",,,,,
2,ANN (MLP),5,,ADVANC.BK,3,1782,266,0.011271208070954485,0.48021788331036824,-0.001374614553317289,3.0,1.0,"(32, 16)",,,,,
2,ANN (MLP),6,,KBANK.BK,1,1250,266,0.009995441362124085,0.29694277870314345,-0.0007075366550744421,3.0,3.0,"(8, 4)",,,,,
2,ANN (MLP),6,,KBANK.BK,2,1516,266,0.009649317195718625,0.2522066054860208,8.599766798832089e-05,3.0,3.0,"(8, 4)",,,,,
2,ANN (MLP),6,,KBANK.BK,3,1782,266,0.008519799556974865,0.24076601468992082,-0.0009287354405278358,3.0,3.0,"(8, 4)",,,,,
2,ANN (MLP),6,,ADVANC.BK,1,1250,266,0.01011885769298654,0.2528014766380251,-4.1076898139265716e-05,3.0,3.0,"(8, 4)",,,,,
2,ANN (MLP),6,,ADVANC.BK,2,1516,266,0.007818925281946896,0.23702933182558172,-0.0007022417812777973,3.0,3.0,"(8, 4)",,,,,
2,ANN (MLP),6,,ADVANC.BK,3,1782,266,0.01040490427011177,0.24181105259468663,-0.0009659691660919795,3.0,3.0,"(8, 4)",,,,,
2,ANN (MLP),7,,KBANK.BK,1,1250,266,0.009867802174857011,0.3022062827100786,-0.0005486908188767325,3.0,3.0,"(16, 8)",,,,,
2,ANN (MLP),7,,KBANK.BK,2,1516,266,0.009762120293896292,0.2716557216084917,0.00023304358675246896,3.0,3.0,"(16, 8)",,,,,
2,ANN (MLP),7,,KBANK.BK,3,1782,266,0.008640238060856825,0.300591418817719,-0.0008541893714165539,3.0,3.0,"(16, 8)",,,,,
2,ANN (MLP),7,,ADVANC.BK,1,1250,266,0.010403878341722602,0.3149071319397226,-9.31729454763846e-05,3.0,3.0,"(16, 8)",,,,,
2,ANN (MLP),7,,ADVANC.BK,2,1516,266,0.00797720086940284,0.29304539995273843,-0.0008214756285238139,3.0,3.0,"(16, 8)",,,,,
2,ANN (MLP),7,,ADVANC.BK,3,1782,266,0.010653117709633135,0.30343653655793323,-0.0008803469788187194,3.0,3.0,"(16, 8)",,,,,
2,ANN (MLP),8,,KBANK.BK,1,1250,266,0.010094042830349622,0.3747268839300931,-0.0007868158367244544,3.0,3.0,"(32, 16)",,,,,
2,ANN (MLP),8,,KBANK.BK,2,1516,266,0.009749095683928065,0.33513365616998536,0.00032863595091843544,3.0,3.0,"(32, 16)",,,,,
2,ANN (MLP),8,,KBANK.BK,3,1782,266,0.00860374046470755,0.31638740034035695,-0.0011213063888276804,3.0,3.0,"(32, 16)",,,,,
2,ANN (MLP),8,,ADVANC.BK,1,1250,266,0.010389947267346739,0.3504193884476838,1.3787976524350798e-05,3.0,3.0,"(32, 16)",,,,,
2,ANN (MLP),8,,ADVANC.BK,2,1516,266,0.007988088382420138,0.33522505860357177,-0.0011710907574284852,3.0,3.0,"(32, 16)",,,,,
2,ANN (MLP),8,,ADVANC.BK,3,1782,266,0.01073971278703911,0.3467549946506884,-0.001262310932207898,3.0,3.0,"(32, 16)",,,,,
2,ANN (MLP),9,,KBANK.BK,1,1250,266,0.009620696503277432,0.13267004546064787,2.8497639642382428e-05,3.0,7.0,"(8, 4)",,,,,
2,ANN (MLP),9,,KBANK.BK,2,1516,266,0.009580215406757605,0.15299987427287792,0.00036138122075526403,3.0,7.0,"(8, 4)",,,,,
2,ANN (MLP),9,,KBANK.BK,3,1782,266,0.008498347448963115,0.13405999727626577,-0.0009490890267148883,3.0,7.0,"(8, 4)",,,,,
2,ANN (MLP),9,,ADVANC.BK,1,1250,266,0.009883916603381719,0.08362854865419869,0.0002648878211396255,3.0,7.0,"(8, 4)",,,,,
2,ANN (MLP),9,,ADVANC.BK,2,1516,266,0.007499804146597493,0.12145485913455904,-0.0005099441545575847,3.0,7.0,"(8, 4)",,,,,
2,ANN (MLP),9,,ADVANC.BK,3,1782,266,0.010222813929699148,0.09967889430894966,-0.0010062992491509698,3.0,7.0,"(8, 4)",,,,,
2,ANN (MLP),10,,KBANK.BK,1,1250,266,0.009642202200363412,0.12594333308514052,3.397826722628556e-05,3.0,7.0,"(16, 8)",,,,,
2,ANN (MLP),10,,KBANK.BK,2,1516,266,0.009617634610422962,0.1542752425579956,0.00045183973667441797,3.0,7.0,"(16, 8)",,,,,
2,ANN (MLP),10,,KBANK.BK,3,1782,266,0.008491404456651232,0.13300962346697787,-0.0009395964753503088,3.0,7.0,"(16, 8)",,,,,
2,ANN (MLP),10,,ADVANC.BK,1,1250,266,0.009869954908794196,0.06834707209683015,0.0002724745640877857,3.0,7.0,"(16, 8)",,,,,
2,ANN (MLP),10,,ADVANC.BK,2,1516,266,0.007486597828468567,0.11925861052368934,-0.0004982735628130587,3.0,7.0,"(16, 8)",,,,,
2,ANN (MLP),10,,ADVANC.BK,3,1782,266,0.010194881035115557,0.10415679652063327,-0.0010568995856631183,3.0,7.0,"(16, 8)",,,,,
2,ANN (MLP),11,,KBANK.BK,1,1250,266,0.009631789284682234,0.12462352474975248,-5.406405783269799e-05,3.0,7.0,"(32, 16)",,,,,
2,ANN (MLP),11,,KBANK.BK,2,1516,266,0.009606238013354074,0.16723625423725674,0.00030075459151291957,3.0,7.0,"(32, 16)",,,,,
2,ANN (MLP),11,,KBANK.BK,3,1782,266,0.008514785645638866,0.14348998092617735,-0.001047911387985169,3.0,7.0,"(32, 16)",,,,,
2,ANN (MLP),11,,ADVANC.BK,1,1250,266,0.009868695565021323,0.06973151738169628,0.00021886545336118589,3.0,7.0,"(32, 16)",,,,,
2,ANN (MLP),11,,ADVANC.BK,2,1516,266,0.007491621243769867,0.12982739782134697,-0.0004910375214883826,3.0,7.0,"(32, 16)",,,,,
2,ANN (MLP),11,,ADVANC.BK,3,1782,266,0.010211559826164519,0.11372957838024192,-0.0010996477893154694,3.0,7.0,"(32, 16)",,,,,
2,Random Forest,0,,KBANK.BK,1,1250,266,0.009699345348449632,0.08295334053525727,-0.00019773059851424751,,,,4.0,20.0,1.0,,
2,Random Forest,0,,KBANK.BK,2,1516,266,0.009427460696376781,0.053653425845080566,3.974051132548581e-05,,,,4.0,20.0,1.0,,
2,Random Forest,0,,KBANK.BK,3,1782,266,0.0083716374360763,0.06859086518207884,-0.0011468937077782665,,,,4.0,20.0,1.0,,
2,Random Forest,0,,ADVANC.BK,1,1250,266,0.009824868019298454,0.12225339194766745,0.000108979496044408,,,,4.0,20.0,1.0,,
2,Random Forest,0,,ADVANC.BK,2,1516,266,0.007490193674045832,0.09229312570875178,-0.0005471751865501273,,,,4.0,20.0,1.0,,
2,Random Forest,0,,ADVANC.BK,3,1782,266,0.01023528522692733,0.11473078173045682,-0.001139725675269792,,,,4.0,20.0,1.0,,
2,Random Forest,1,,KBANK.BK,1,1250,266,0.00967214808462799,0.07813906851047935,-0.00019249785291927383,,,,4.0,20.0,0.5,,
2,Random Forest,1,,KBANK.BK,2,1516,266,0.00944340757850306,0.054198973715501295,7.134665630743807e-05,,,,4.0,20.0,0.5,,
2,Random Forest,1,,KBANK.BK,3,1782,266,0.008375250285208215,0.07025655567137612,-0.0011340385128544043,,,,4.0,20.0,0.5,,
2,Random Forest,1,,ADVANC.BK,1,1250,266,0.00982055105331566,0.11708056670993384,7.070527675343956e-05,,,,4.0,20.0,0.5,,
2,Random Forest,1,,ADVANC.BK,2,1516,266,0.007482600531586694,0.09459629332906895,-0.0005741055848618515,,,,4.0,20.0,0.5,,
2,Random Forest,1,,ADVANC.BK,3,1782,266,0.010208750244865006,0.11119200902302924,-0.0012078715004285136,,,,4.0,20.0,0.5,,
2,Random Forest,2,,KBANK.BK,1,1250,266,0.009650286490957723,0.11068563008941397,-0.0002001466173577545,,,,4.0,50.0,1.0,,
2,Random Forest,2,,KBANK.BK,2,1516,266,0.009427175546892728,0.09432620661692877,0.00024634304032909135,,,,4.0,50.0,1.0,,
2,Random Forest,2,,KBANK.BK,3,1782,266,0.008347833859270033,0.09419750017458477,-0.0009909298360799873,,,,4.0,50.0,1.0,,
2,Random Forest,2,,ADVANC.BK,1,1250,266,0.00986039471288262,0.10344518312173817,0.00016440912030596557,,,,4.0,50.0,1.0,,
2,Random Forest,2,,ADVANC.BK,2,1516,266,0.007502596731727316,0.1220475195437813,-0.00048187610436847746,,,,4.0,50.0,1.0,,
2,Random Forest,2,,ADVANC.BK,3,1782,266,0.010225080713892887,0.11806351832741797,-0.0012657413028272443,,,,4.0,50.0,1.0,,
2,Random Forest,3,,KBANK.BK,1,1250,266,0.009629355340840366,0.10622220032647443,-0.0001977335452168271,,,,4.0,50.0,0.5,,
2,Random Forest,3,,KBANK.BK,2,1516,266,0.009419998253291866,0.08941204561688555,0.00018650413398085092,,,,4.0,50.0,0.5,,
2,Random Forest,3,,KBANK.BK,3,1782,266,0.008376855641912751,0.09462203261560838,-0.000989270793778717,,,,4.0,50.0,0.5,,
2,Random Forest,3,,ADVANC.BK,1,1250,266,0.0098660783575063,0.10032455598611012,0.00016588130252902765,,,,4.0,50.0,0.5,,
2,Random Forest,3,,ADVANC.BK,2,1516,266,0.007499623567838945,0.11472879573713753,-0.0004799734631942728,,,,4.0,50.0,0.5,,
2,Random Forest,3,,ADVANC.BK,3,1782,266,0.01020769794564679,0.11166005622174079,-0.0012227613747174055,,,,4.0,50.0,0.5,,
2,Random Forest,4,,KBANK.BK,1,1250,266,0.009714435732944608,0.12531228740741232,-0.00020147057453719148,,,,8.0,20.0,1.0,,
2,Random Forest,4,,KBANK.BK,2,1516,266,0.009454135282137654,0.10473059438746536,-6.548825507498998e-06,,,,8.0,20.0,1.0,,
2,Random Forest,4,,KBANK.BK,3,1782,266,0.008320910395527532,0.117660897600532,-0.0009594928059969784,,,,8.0,20.0,1.0,,
2,Random Forest,4,,ADVANC.BK,1,1250,266,0.00988452208987134,0.14689208278296342,-4.0214077185863574e-05,,,,8.0,20.0,1.0,,
2,Random Forest,4,,ADVANC.BK,2,1516,266,0.0075845992364313945,0.13745818048308178,-0.00045747997336159906,,,,8.0,20.0,1.0,,
2,Random Forest,4,,ADVANC.BK,3,1782,266,0.010221432777161909,0.14582893885672957,-0.0011469261677746097,,,,8.0,20.0,1.0,,
2,Random Forest,5,,KBANK.BK,1,1250,266,0.009677411737285454,0.12572113536156368,-0.00021745892990469867,,,,8.0,20.0,0.5,,
2,Random Forest,5,,KBANK.BK,2,1516,266,0.009449211720573576,0.09804961452722964,1.93452374594752e-06,,,,8.0,20.0,0.5,,
2,Random Forest,5,,KBANK.BK,3,1782,266,0.008334858236086299,0.11348382940672441,-0.001042886215659733,,,,8.0,20.0,0.5,,
2,Random Forest,5,,ADVANC.BK,1,1250,266,0.009873935430808778,0.1392298158588046,-2.1173108438059346e-05,,,,8.0,20.0,0.5,,
2,Random Forest,5,,ADVANC.BK,2,1516,266,0.007574984174090721,0.13478027419967933,-0.0005042676141420109,,,,8.0,20.0,0.5,,
2,Random Forest,5,,ADVANC.BK,3,1782,266,0.01021434247548478,0.14017472857014576,-0.0012486338311132987,,,,8.0,20.0,0.5,,
2,Random Forest,6,,KBANK.BK,1,1250,266,0.009677006670588711,0.134896886242007,-0.00015391305199279187,,,,8.0,50.0,1.0,,
2,Random Forest,6,,KBANK.BK,2,1516,266,0.00944055944046726,0.1237918888047796,0.00031038014492017717,,,,8.0,50.0,1.0,,
2,Random Forest,6,,KBANK.BK,3,1782,266,0.008322080339306086,0.12480472634411496,-0.0009166376654867896,,,,8.0,50.0,1.0,,
2,Random Forest,6,,ADVANC.BK,1,1250,266,0.009888231630818834,0.11449226126369899,7.89757251794972e-05,,,,8.0,50.0,1.0,,
2,Random Forest,6,,ADVANC.BK,2,1516,266,0.0075587294843173685,0.14572564236659827,-0.00043585478361374123,,,,8.0,50.0,1.0,,
2,Random Forest,6,,ADVANC.BK,3,1782,266,0.010217110620212647,0.13046496931271936,-0.0013414541993074995,,,,8.0,50.0,1.0,,
2,Random Forest,7,,KBANK.BK,1,1250,266,0.009676631104275949,0.12933758718280966,-0.00024332441753030656,,,,8.0,50.0,0.5,,
2,Random Forest,7,,KBANK.BK,2,1516,266,0.00944896893432957,0.11545415627325781,0.00022448655584643074,,,,8.0,50.0,0.5,,
2,Random Forest,7,,KBANK.BK,3,1782,266,0.008339145579084323,0.12178108550935046,-0.00087304018800225,,,,8.0,50.0,0.5,,
2,Random Forest,7,,ADVANC.BK,1,1250,266,0.009879098068989057,0.11070900852775875,0.00010061834336366207,,,,8.0,50.0,0.5,,
2,Random Forest,7,,ADVANC.BK,2,1516,266,0.007549882170292025,0.13663430726000805,-0.0004277985747134141,,,,8.0,50.0,0.5,,
2,Random Forest,7,,ADVANC.BK,3,1782,266,0.010206924652905376,0.12285494414108841,-0.0013056580772511728,,,,8.0,50.0,0.5,,
2,Random Forest,8,,KBANK.BK,1,1250,266,0.009765934569630935,0.14805781441339932,-0.00020272353246355524,,,,12.0,20.0,1.0,,
2,Random Forest,8,,KBANK.BK,2,1516,266,0.009500381328660004,0.1324694631406687,5.067450161377265e-05,,,,12.0,20.0,1.0,,
2,Random Forest,8,,KBANK.BK,3,1782,266,0.008305333236923042,0.14891360495591194,-0.0008602415210837896,,,,12.0,20.0,1.0,,
2,Random Forest,8,,ADVANC.BK,1,1250,266,0.009912726257255488,0.1553558370579117,-8.952752026237616e-05,,,,12.0,20.0,1.0,,
2,Random Forest,8,,ADVANC.BK,2,1516,266,0.007645115973240333,0.16209232331228438,-0.0004317980427083155,,,,12.0,20.0,1.0,,
2,Random Forest,8,,ADVANC.BK,3,1782,266,0.010207995921404575,0.15897530287381814,-0.0011947316958341363,,,,12.0,20.0,1.0,,
2,Random Forest,9,,KBANK.BK,1,1250,266,0.009727770621779775,0.14767880662375135,-0.00024502579077503194,,,,12.0,20.0,0.5,,
2,Random Forest,9,,KBANK.BK,2,1516,266,0.009489231209394024,0.13096650422701514,6.604856625402738e-05,,,,12.0,20.0,0.5,,
2,Random Forest,9,,KBANK.BK,3,1782,266,0.008318665305959058,0.1489917703164318,-0.0008963417477622772,,,,12.0,20.0,0.5,,
2,Random Forest,9,,ADVANC.BK,1,1250,266,0.00988717264983291,0.14584095021115062,-7.511928628583855e-05,,,,12.0,20.0,0.5,,
2,Random Forest,9,,ADVANC.BK,2,1516,266,0.007602165209544354,0.15590676337267548,-0.0004687654669859236,,,,12.0,20.0,0.5,,
2,Random Forest,9,,ADVANC.BK,3,1782,266,0.010206869393038406,0.15068531749067451,-0.0012713405655444443,,,,12.0,20.0,0.5,,
2,Random Forest,10,,KBANK.BK,1,1250,266,0.009679313857593096,0.13535217112964826,-0.00015012654313360628,,,,12.0,50.0,1.0,,
2,Random Forest,10,,KBANK.BK,2,1516,266,0.009456417044220285,0.12714762688284,0.0003171829082178065,,,,12.0,50.0,1.0,,
2,Random Forest,10,,KBANK.BK,3,1782,266,0.008319021435143023,0.13242716571471502,-0.0008903964180461299,,,,12.0,50.0,1.0,,
2,Random Forest,10,,ADVANC.BK,1,1250,266,0.009889373513009768,0.11501062087987507,7.41489314802517e-05,,,,12.0,50.0,1.0,,
2,Random Forest,10,,ADVANC.BK,2,1516,266,0.007569096846414075,0.1479232585753148,-0.0004262604942302955,,,,12.0,50.0,1.0,,
2,Random Forest,10,,ADVANC.BK,3,1782,266,0.010216684829179692,0.13262783294629868,-0.0013504357183118801,,,,12.0,50.0,1.0,,
2,Random Forest,11,,KBANK.BK,1,1250,266,0.009677344126014132,0.12949444891433046,-0.00023652679602793942,,,,12.0,50.0,0.5,,
2,Random Forest,11,,KBANK.BK,2,1516,266,0.009453888220042849,0.11843291319276422,0.00021933236783915956,,,,12.0,50.0,0.5,,
2,Random Forest,11,,KBANK.BK,3,1782,266,0.008335848983427383,0.12602082725620042,-0.0008784368269203654,,,,12.0,50.0,0.5,,
2,Random Forest,11,,ADVANC.BK,1,1250,266,0.009880834173647662,0.11160772930676197,9.674021173151455e-05,,,,12.0,50.0,0.5,,
2,Random Forest,11,,ADVANC.BK,2,1516,266,0.007570254740225006,0.1393077575400701,-0.00041599991750399147,,,,12.0,50.0,0.5,,
2,Random Forest,11,,ADVANC.BK,3,1782,266,0.010202444361729969,0.1257762445537814,-0.00133705418777013,,,,12.0,50.0,0.5,,
2,XGBoost,0,,KBANK.BK,1,1250,266,0.009693875792285051,0.08539800795125677,-7.229251986991123e-05,,,,2.0,,,0.01,0.8
2,XGBoost,0,,KBANK.BK,2,1516,266,0.009432907219268902,0.060445823987759426,0.000256088919550474,,,,2.0,,,0.01,0.8
2,XGBoost,0,,KBANK.BK,3,1782,266,0.008367309553290068,0.05686245443276351,-0.0010314477863553563,,,,2.0,,,0.01,0.8
2,XGBoost,0,,ADVANC.BK,1,1250,266,0.0098314543216278,0.10380339561621733,0.00014272578832132989,,,,2.0,,,0.01,0.8
2,XGBoost,0,,ADVANC.BK,2,1516,266,0.007464800387991667,0.08645658344090479,-0.0005253530265555263,,,,2.0,,,0.01,0.8
2,XGBoost,0,,ADVANC.BK,3,1782,266,0.010205962905840794,0.10651334107222205,-0.0010587738435732328,,,,2.0,,,0.01,0.8
2,XGBoost,1,,KBANK.BK,1,1250,266,0.009715226797149153,0.07635650821508343,-0.00017261663410049737,,,,2.0,,,0.01,1.0
2,XGBoost,1,,KBANK.BK,2,1516,266,0.009478188209115355,0.07614584200893787,0.0002468511074603776,,,,2.0,,,0.01,1.0
2,XGBoost,1,,KBANK.BK,3,1782,266,0.008369293483420541,0.08079992763521535,-0.0009764831906329597,,,,2.0,,,0.01,1.0
2,XGBoost,1,,ADVANC.BK,1,1250,266,0.009813623658791092,0.0959920748695719,4.765703624519443e-05,,,,2.0,,,0.01,1.0
2,XGBoost,1,,ADVANC.BK,2,1516,266,0.00749956806122656,0.07640693361996986,-0.0005156885720633812,,,,2.0,,,0.01,1.0
2,XGBoost,1,,ADVANC.BK,3,1782,266,0.010197767622892878,0.11807331925718718,-0.0010877459501480258,,,,2.0,,,0.01,1.0
2,XGBoost,2,,KBANK.BK,1,1250,266,0.009845471301329347,0.236957811275737,-0.0003336539168419688,,,,2.0,,,0.05,0.8
2,XGBoost,2,,KBANK.BK,2,1516,266,0.00951785798841977,0.20408111489447475,-0.00022415893416277114,,,,2.0,,,0.05,0.8
2,XGBoost,2,,KBANK.BK,3,1782,266,0.008375998667764468,0.20190759872371805,-0.0008898514234628253,,,,2.0,,,0.05,0.8
2,XGBoost,2,,ADVANC.BK,1,1250,266,0.01004672644801162,0.23390486546976477,-9.060384890316026e-05,,,,2.0,,,0.05,0.8
2,XGBoost,2,,ADVANC.BK,2,1516,266,0.0075917598782962,0.20895994647497165,-0.0004857704808473108,,,,2.0,,,0.05,0.8
2,XGBoost,2,,ADVANC.BK,3,1782,266,0.010484278036343147,0.25960902257104357,-0.0004912056071088819,,,,2.0,,,0.05,0.8
2,XGBoost,3,,KBANK.BK,1,1250,266,0.009790003287596851,0.20517001280416292,-0.0005158097812301615,,,,2.0,,,0.05,1.0
2,XGBoost,3,,KBANK.BK,2,1516,266,0.00952025441012656,0.21631364240799286,-0.00026221763461745616,,,,2.0,,,0.05,1.0
2,XGBoost,3,,KBANK.BK,3,1782,266,0.00844137784373608,0.2182388969362604,-0.0009726520821577271,,,,2.0,,,0.05,1.0
2,XGBoost,3,,ADVANC.BK,1,1250,266,0.009910740095387482,0.2057953700313086,-8.99672962967118e-05,,,,2.0,,,0.05,1.0
2,XGBoost,3,,ADVANC.BK,2,1516,266,0.007692461098604064,0.17205114746222094,-0.0005608658222669544,,,,2.0,,,0.05,1.0
2,XGBoost,3,,ADVANC.BK,3,1782,266,0.010398599983503981,0.25186865843854767,-0.000774422310360933,,,,2.0,,,0.05,1.0
2,XGBoost,4,,KBANK.BK,1,1250,266,0.009697949195010871,0.11866098476558087,-0.00013225448236258428,,,,3.0,,,0.01,0.8
2,XGBoost,4,,KBANK.BK,2,1516,266,0.009438072328783399,0.08096656484158522,0.00011327742814217352,,,,3.0,,,0.01,0.8
2,XGBoost,4,,KBANK.BK,3,1782,266,0.008369276563421332,0.08341724944296856,-0.0010522986077220438,,,,3.0,,,0.01,0.8
2,XGBoost,4,,ADVANC.BK,1,1250,266,0.009840600490402418,0.12957529508619806,0.0001000848984013682,,,,3.0,,,0.01,0.8
2,XGBoost,4,,ADVANC.BK,2,1516,266,0.007508075292576531,0.11168158007439989,-0.0005116799251483394,,,,3.0,,,0.01,0.8
2,XGBoost,4,,ADVANC.BK,3,1782,266,0.010253105987976532,0.14231567439176676,-0.0009746901201240321,,,,3.0,,,0.01,0.8
2,XGBoost,5,,KBANK.BK,1,1250,266,0.00973282429876498,0.1282774880807342,-0.00028245741076504476,,,,3.0,,,0.01,1.0
2,XGBoost,5,,KBANK.BK,2,1516,266,0.009396900252907328,0.08466416832287976,0.0001066884545335922,,,,3.0,,,0.01,1.0
2,XGBoost,5,,KBANK.BK,3,1782,266,0.008382218765591814,0.11923938515532387,-0.0010738225343351125,,,,3.0,,,0.01,1.0
2,XGBoost,5,,ADVANC.BK,1,1250,266,0.009816050430898789,0.13046514760314676,6.699388611662384e-05,,,,3.0,,,0.01,1.0
2,XGBoost,5,,ADVANC.BK,2,1516,266,0.007545168252452021,0.0994372064225103,-0.0005562444981712509,,,,3.0,,,0.01,1.0
2,XGBoost,5,,ADVANC.BK,3,1782,266,0.010331369757396904,0.15025725971833237,-0.0008514418154796741,,,,3.0,,,0.01,1.0
2,XGBoost,6,,KBANK.BK,1,1250,266,0.009851485050915225,0.2969271640395779,-0.0005298665964962709,,,,3.0,,,0.05,0.8
2,XGBoost,6,,KBANK.BK,2,1516,266,0.009584755517583084,0.2650513457986707,-0.0003468573678635507,,,,3.0,,,0.05,0.8
2,XGBoost,6,,KBANK.BK,3,1782,266,0.00840448162965991,0.30849363607042884,-0.0010195528421904573,,,,3.0,,,0.05,0.8
2,XGBoost,6,,ADVANC.BK,1,1250,266,0.010253288677941102,0.30150606141651426,-0.00037767335908150664,,,,3.0,,,0.05,0.8
2,XGBoost,6,,ADVANC.BK,2,1516,266,0.007836818667273614,0.26092875083088346,-0.00038247825139807093,,,,3.0,,,0.05,0.8
2,XGBoost,6,,ADVANC.BK,3,1782,266,0.0105417510518392,0.29084085726163883,-0.000812767700350754,,,,3.0,,,0.05,0.8
2,XGBoost,7,,KBANK.BK,1,1250,266,0.01007143290041212,0.30735502623195804,-0.0006352388820421323,,,,3.0,,,0.05,1.0
2,XGBoost,7,,KBANK.BK,2,1516,266,0.009554814235075003,0.250061637452737,-0.00017997562873156654,,,,3.0,,,0.05,1.0
2,XGBoost,7,,KBANK.BK,3,1782,266,0.008575607954419194,0.3199591618471719,-0.0010375349949851647,,,,3.0,,,0.05,1.0
2,XGBoost,7,,ADVANC.BK,1,1250,266,0.010178067243169634,0.26968947013199623,-0.00028962377017184685,,,,3.0,,,0.05,1.0
2,XGBoost,7,,ADVANC.BK,2,1516,266,0.00786012554274841,0.23171892809449302,-0.0005065394569362287,,,,3.0,,,0.05,1.0
2,XGBoost,7,,ADVANC.BK,3,1782,266,0.010801194262897561,0.3185001237569821,-0.0006121556857666717,,,,3.0,,,0.05,1.0
2,XGBoost,8,,KBANK.BK,1,1250,266,0.009728440965426672,0.13416967445213096,-0.00024133546030128788,,,,4.0,,,0.01,0.8
2,XGBoost,8,,KBANK.BK,2,1516,266,0.009426032174215733,0.0947340342739835,1.2283470851744127e-05,,,,4.0,,,0.01,0.8
2,XGBoost,8,,KBANK.BK,3,1782,266,0.0083308190834545,0.111048849124773,-0.0010406910669874961,,,,4.0,,,0.01,0.8
2,XGBoost,8,,ADVANC.BK,1,1250,266,0.009859810240864741,0.1610787940950752,2.88543830241083e-05,,,,4.0,,,0.01,0.8
2,XGBoost,8,,ADVANC.BK,2,1516,266,0.0075615924727574805,0.12701598604008604,-0.0004914773926718511,,,,4.0,,,0.01,0.8
2,XGBoost,8,,ADVANC.BK,3,1782,266,0.010250335442458201,0.1686425417108021,-0.0008483664220306912,,,,4.0,,,0.01,0.8
2,XGBoost,9,,KBANK.BK,1,1250,266,0.009772136234235474,0.16842974231800978,-0.0003341421160131766,,,,4.0,,,0.01,1.0
2,XGBoost,9,,KBANK.BK,2,1516,266,0.009453879929035089,0.13063539993759685,7.338004044427249e-05,,,,4.0,,,0.01,1.0
2,XGBoost,9,,KBANK.BK,3,1782,266,0.008465415973984354,0.1606892673333443,-0.001073517517144847,,,,4.0,,,0.01,1.0
2,XGBoost,9,,ADVANC.BK,1,1250,266,0.009846807136540094,0.16738689565609155,-2.768431823945968e-05,,,,4.0,,,0.01,1.0
2,XGBoost,9,,ADVANC.BK,2,1516,266,0.007581513945959975,0.13632542767326908,-0.0005441230199449612,,,,4.0,,,0.01,1.0
2,XGBoost,9,,ADVANC.BK,3,1782,266,0.01038813667735479,0.15652112270881585,-0.0008982955423000187,,,,4.0,,,0.01,1.0
2,XGBoost,10,,KBANK.BK,1,1250,266,0.010092684552498829,0.3442137730695767,-0.0005992650466920108,,,,4.0,,,0.05,0.8
2,XGBoost,10,,KBANK.BK,2,1516,266,0.009696485380654724,0.30347901951681494,-0.0002468900494575692,,,,4.0,,,0.05,0.8
2,XGBoost,10,,KBANK.BK,3,1782,266,0.008390546583437918,0.3495538806836735,-0.0010414328877384083,,,,4.0,,,0.05,0.8
2,XGBoost,10,,ADVANC.BK,1,1250,266,0.010281883545431199,0.33753031543665923,-0.0003271125156909802,,,,4.0,,,0.05,0.8
2,XGBoost,10,,ADVANC.BK,2,1516,266,0.007840367870974054,0.30504138048325474,-0.0006456969323558163,,,,4.0,,,0.05,0.8
2,XGBoost,10,,ADVANC.BK,3,1782,266,0.010671092075254315,0.34586583350169114,-0.0007664463747151219,,,,4.0,,,0.05,0.8
2,XGBoost,11,,KBANK.BK,1,1250,266,0.01012620129120721,0.34778361401634617,-0.0008237508598606087,,,,4.0,,,0.05,1.0
2,XGBoost,11,,KBANK.BK,2,1516,266,0.009790990664022087,0.3526648863566324,-0.0002564553471446418,,,,4.0,,,0.05,1.0
2,XGBoost,11,,KBANK.BK,3,1782,266,0.008741652275917887,0.40775021058798866,-0.0011112799785615,,,,4.0,,,0.05,1.0
2,XGBoost,11,,ADVANC.BK,1,1250,266,0.01036108123915363,0.3418955229981726,-0.00022408924764971276,,,,4.0,,,0.05,1.0
2,XGBoost,11,,ADVANC.BK,2,1516,266,0.008036272847823062,0.31729824940087265,-0.0005638909759671484,,,,4.0,,,0.05,1.0
2,XGBoost,11,,ADVANC.BK,3,1782,266,0.011024517957858939,0.3598981565663562,-0.0010234719170668228,,,,4.0,,,0.05,1.0
2_refit10,ANN (MLP),9,,KBANK.BK,1,1250,266,0.009619769109334464,0.10466419208708001,7.2493141083500534e-06,10.0,7.0,"(8, 4)",,,,,
2_refit10,ANN (MLP),9,,KBANK.BK,2,1516,266,0.009537280582178839,0.1279029487372471,0.00047099480812987175,10.0,7.0,"(8, 4)",,,,,
2_refit10,ANN (MLP),9,,KBANK.BK,3,1782,266,0.00846603359040945,0.11271752891565494,-0.0009434738151591691,10.0,7.0,"(8, 4)",,,,,
2_refit10,ANN (MLP),9,,ADVANC.BK,1,1250,266,0.00988518329327257,0.06359926845169969,0.000284866142301419,10.0,7.0,"(8, 4)",,,,,
2_refit10,ANN (MLP),9,,ADVANC.BK,2,1516,266,0.007485005754833824,0.10487830724000238,-0.0005211580687737211,10.0,7.0,"(8, 4)",,,,,
2_refit10,ANN (MLP),9,,ADVANC.BK,3,1782,266,0.010203223582645247,0.08984506459062534,-0.0010131104721531642,10.0,7.0,"(8, 4)",,,,,
