Datetime,Adj Close,Close,High,Low,Open,Volume
2026-07-09 10:00:00+07:00,379.0,379.0,380.0,375.0,377.0,0
2026-07-09 11:00:00+07:00,377.0,377.0,379.0,377.0,379.0,471182
2026-07-09 12:00:00+07:00,379.0,379.0,379.0,376.0,378.0,550212
2026-07-09 13:00:00+07:00,379.0,379.0,379.0,379.0,379.0,18515
2026-07-09 14:00:00+07:00,378.0,378.0,379.0,377.0,378.0,1817668
2026-07-09 15:00:00+07:00,378.0,378.0,379.0,377.0,377.0,601231
2026-07-09 16:00:00+07:00,379.0,379.0,379.0,377.0,378.0,344866
2026-07-10 10:00:00+07:00,373.0,373.0,377.0,373.0,376.0,2049278
2026-07-10 11:00:00+07:00,373.0,373.0,374.0,373.0,373.0,781649
2026-07-10 12:00:00+07:00,374.0,374.0,374.0,373.0,373.0,184597
2026-07-10 14:00:00+07:00,373.0,373.0,375.0,373.0,373.0,866557
2026-07-10 15:00:00+07:00,373.0,373.0,374.0,373.0,373.0,599205
2026-07-10 16:00:00+07:00,374.0,374.0,374.0,372.0,373.0,921261
2026-07-13 10:00:00+07:00,375.0,375.0,375.0,372.0,373.0,0
2026-07-13 11:00:00+07:00,375.0,375.0,375.0,373.0,375.0,583359
2026-07-13 12:00:00+07:00,373.0,373.0,376.0,373.0,375.0,385047
2026-07-13 13:00:00+07:00,374.0,374.0,374.0,374.0,374.0,13900
2026-07-13 14:00:00+07:00,375.0,375.0,375.0,373.0,374.0,545620
2026-07-13 15:00:00+07:00,376.0,376.0,376.0,374.0,375.0,349301
2026-07-13 16:00:00+07:00,376.0,376.0,376.0,375.0,376.0,677661
2026-07-14 10:00:00+07:00,377.0,377.0,378.0,373.0,373.0,2351495
2026-07-14 11:00:00+07:00,382.0,382.0,382.0,377.0,378.0,3088233
2026-07-14 12:00:00+07:00,381.0,381.0,382.0,381.0,382.0,412533
2026-07-14 13:00:00+07:00,381.0,381.0,382.0,381.0,381.0,386147
2026-07-14 14:00:00+07:00,381.0,381.0,381.0,380.0,381.0,397339
2026-07-14 15:00:00+07:00,381.0,381.0,382.0,380.0,381.0,452202
2026-07-14 16:00:00+07:00,381.0,381.0,382.0,380.0,381.0,534191
2026-07-15 10:00:00+07:00,378.0,378.0,383.0,376.0,383.0,0
2026-07-15 11:00:00+07:00,377.0,377.0,378.0,376.0,378.0,869373
2026-07-15 12:00:00+07:00,378.0,378.0,378.0,376.0,377.0,249536
2026-07-15 13:00:00+07:00,376.0,376.0,378.0,376.0,378.0,280360
2026-07-15 14:00:00+07:00,375.0,375.0,377.0,375.0,377.0,1017167
2026-07-15 15:00:00+07:00,375.0,375.0,376.0,374.0,375.0,959473
2026-07-15 16:00:00+07:00,375.0,375.0,376.0,374.0,375.0,619394
2026-07-16 10:00:00+07:00,374.0,374.0,376.0,374.0,376.0,0
2026-07-16 11:00:00+07:00,375.0,375.0,375.0,373.0,375.0,1368333
2026-07-16 12:00:00+07:00,376.0,376.0,376.0,374.0,374.0,444136
2026-07-16 13:00:00+07:00,375.0,375.0,376.0,375.0,376.0,14200
2026-07-16 14:00:00+07:00,375.0,375.0,375.0,374.0,375.0,756598
2026-07-16 15:00:00+07:00,375.0,375.0,375.0,374.0,375.0,394542
2026-07-16 16:00:00+07:00,375.0,375.0,375.0,374.0,375.0,788326
2026-07-17 10:00:00+07:00,377.0,377.0,378.0,375.0,375.0,0
2026-07-17 11:00:00+07:00,377.0,377.0,378.0,376.0,377.0,2075052
2026-07-17 12:00:00+07:00,377.0,377.0,378.0,376.0,377.0,339005
2026-07-17 13:00:00+07:00,377.0,377.0,378.0,377.0,378.0,189287
2026-07-17 14:00:00+07:00,378.0,378.0,378.0,376.0,377.0,1626233
2026-07-17 15:00:00+07:00,379.0,379.0,379.0,377.0,377.0,1403724
2026-07-17 16:00:00+07:00,378.0,378.0,379.0,378.0,378.0,658453
2026-07-20 10:00:00+07:00,380.0,380.0,383.0,377.0,379.0,0
2026-07-20 11:00:00+07:00,381.0,381.0,382.0,380.0,381.0,933847
2026-07-20 12:00:00+07:00,382.0,382.0,382.0,380.0,381.0,801996
2026-07-20 13:00:00+07:00,381.0,381.0,382.0,381.0,382.0,61701
2026-07-20 14:00:00+07:00,382.0,382.0,382.0,379.0,381.0,1125458
2026-07-20 15:00:00+07:00,382.0,382.0,382.0,381.0,382.0,680525
2026-07-20 16:00:00+07:00,382.0,382.0,382.0,381.0,381.0,368296
2026-07-21 10:00:00+07:00,384.0,384.0,387.0,383.0,383.0,0
2026-07-21 11:00:00+07:00,386.0,386.0,386.0,384.0,384.0,1115153
2026-07-21 12:00:00+07:00,385.0,385.0,387.0,384.0,386.0,864674
2026-07-21 13:00:00+07:00,385.0,385.0,385.0,384.0,385.0,237925
2026-07-21 14:00:00+07:00,384.0,384.0,385.0,383.0,385.0,854328
2026-07-21 15:00:00+07:00,384.0,384.0,385.0,383.0,383.0,766024
2026-07-21 16:00:00+07:00,385.0,385.0,385.0,383.0,383.0,530383
2026-07-22 10:00:00+07:00,376.0,376.0,381.0,376.0,380.0,3667270
2026-07-22 11:00:00+07:00,377.0,377.0,377.0,376.0,377.0,835030
2026-07-22 12:00:00+07:00,376.0,376.0,377.0,376.0,377.0,163798
2026-07-22 13:00:00+07:00,376.0,376.0,376.0,376.0,376.0,27681
2026-07-22 14:00:00+07:00,377.0,377.0,377.0,376.0,376.0,581187
2026-07-22 15:00:00+07:00,377.0,377.0,378.0,375.0,377.0,1767202
2026-07-22 16:00:00+07:00,378.0,378.0,378.0,377.0,378.0,287379
2026-07-23 10:00:00+07:00,375.0,375.0,378.0,375.0,377.0,0
2026-07-23 11:00:00+07:00,374.0,374.0,376.0,374.0,375.0,979698
2026-07-23 12:00:00+07:00,373.0,373.0,375.0,373.0,374.0,446440
2026-07-23 13:00:00+07:00,374.0,374.0,374.0,373.0,373.0,58348
2026-07-23 14:00:00+07:00,373.0,373.0,374.0,373.0,374.0,561162
2026-07-23 15:00:00+07:00,373.0,373.0,374.0,373.0,373.0,780467
2026-07-23 16:00:00+07:00,374.0,374.0,375.0,373.0,373.0,591130
2026-07-24 10:00:00+07:00,375.0,375.0,375.0,371.0,372.0,0
2026-07-24 11:00:00+07:00,376.0,376.0,376.0,374.0,375.0,426291
2026-07-24 12:00:00+07:00,376.0,376.0,376.0,374.0,376.0,368846
2026-07-24 13:00:00+07:00,375.0,375.0,375.0,375.0,375.0,113600
2026-07-24 14:00:00+07:00,376.0,376.0,376.0,375.0,375.0,543482
2026-07-24 15:00:00+07:00,375.0,375.0,376.0,374.0,376.0,797284
2026-07-24 16:00:00+07:00,376.0,376.0,376.0,375.0,376.0,408561
2026-07-27 10:00:00+07:00,374.0,374.0,375.0,372.0,375.0,1184987
2026-07-27 11:00:00+07:00,373.0,373.0,374.0,372.0,373.0,1136230
2026-07-27 12:00:00+07:00,372.0,372.0,374.0,372.0,373.0,278058
2026-07-27 13:00:00+07:00,372.0,372.0,373.0,372.0,373.0,71415
2026-07-27 14:00:00+07:00,372.0,372.0,373.0,371.0,373.0,758612
2026-07-27 15:00:00+07:00,372.0,372.0,372.0,370.0,371.0,655283
2026-07-27 16:00:00+07:00,372.0,372.0,372.0,371.0,372.0,397599
2026-07-30 10:00:00+07:00,376.0,376.0,378.0,370.0,371.0,0
2026-07-30 11:00:00+07:00,377.0,377.0,377.0,375.0,376.0,861595
2026-07-30 12:00:00+07:00,376.0,376.0,378.0,376.0,376.0,599610
2026-07-30 13:00:00+07:00,377.0,377.0,377.0,376.0,376.0,67800
2026-07-30 14:00:00+07:00,377.0,377.0,379.0,376.0,377.0,3147186
2026-07-30 15:00:00+07:00,376.0,376.0,380.0,376.0,377.0,2064920
2026-07-30 16:00:00+07:00,376.0,376.0,377.0,376.0,376.0,259186
2026-07-31 10:00:00+07:00,380.0,380.0,382.0,378.0,380.0,0
2026-07-31 11:00:00+07:00,379.0,379.0,380.0,378.0,380.0,1036624
2026-07-31 12:00:00+07:00,380.0,380.0,380.0,379.0,379.0,149184
2026-07-31 13:00:00+07:00,380.0,380.0,381.0,379.0,380.0,520701
2026-07-31 14:00:00+07:00,379.0,379.0,381.0,379.0,379.0,1267004
2026-07-31 15:00:00+07:00,380.0,380.0,380.0,379.0,380.0,736762
2026-07-31 16:00:00+07:00,380.0,380.0,380.0,379.0,379.0,248666
2026-08-03 10:00:00+07:00,375.0,375.0,377.0,374.0,377.0,0
2026-08-03 11:00:00+07:00,375.0,375.0,376.0,375.0,376.0,753633
2026-08-03 12:00:00+07:00,375.0,375.0,377.0,374.0,375.0,1536266
2026-08-03 13:00:00+07:00,375.0,375.0,375.0,374.0,375.0,364500
2026-08-03 14:00:00+07:00,373.0,373.0,375.0,373.0,375.0,1324852
2026-08-03 15:00:00+07:00,372.0,372.0,374.0,372.0,373.0,1163728
2026-08-03 16:00:00+07:00,374.0,374.0,374.0,372.0,373.0,862432
2026-08-04 10:00:00+07:00,373.0,373.0,374.0,372.0,374.0,0
2026-08-04 11:00:00+07:00,375.0,375.0,376.0,372.0,373.0,2151811
2026-08-04 12:00:00+07:00,375.0,375.0,376.0,374.0,375.0,512479
2026-08-04 13:00:00+07:00,374.0,374.0,375.0,374.0,375.0,39960
2026-08-04 14:00:00+07:00,373.0,373.0,375.0,373.0,375.0,420644
2026-08-04 15:00:00+07:00,373.0,373.0,374.0,372.0,373.0,1196098
2026-08-04 16:00:00+07:00,374.0,374.0,374.0,373.0,373.0,212449
2026-08-05 10:00:00+07:00,371.0,371.0,375.0,371.0,375.0,2291036
2026-08-05 11:00:00+07:00,370.0,370.0,372.0,370.0,371.0,1569100
2026-08-05 12:00:00+07:00,371.0,371.0,371.0,370.0,370.0,228769
2026-08-05 13:00:00+07:00,370.0,370.0,371.0,370.0,370.0,72099
2026-08-05 14:00:00+07:00,369.0,369.0,371.0,369.0,371.0,1481255
2026-08-05 15:00:00+07:00,369.0,369.0,370.0,369.0,370.0,515453
2026-08-05 16:00:00+07:00,369.0,369.0,370.0,369.0,369.0,741895
2026-08-06 10:00:00+07:00,373.0,373.0,374.0,371.0,372.0,0
2026-08-06 11:00:00+07:00,373.0,373.0,373.0,371.0,372.0,615966
2026-08-06 12:00:00+07:00,373.0,373.0,373.0,372.0,372.0,137215
2026-08-06 13:00:00+07:00,374.0,374.0,374.0,374.0,374.0,530655
2026-08-06 14:00:00+07:00,377.0,377.0,378.0,373.0,374.0,7115311
2026-08-06 15:00:00+07:00,376.0,376.0,377.0,375.0,376.0,1756559
2026-08-06 16:00:00+07:00,376.0,376.0,377.0,375.0,376.0,1164796
2026-08-07 10:00:00+07:00,372.0,372.0,379.0,372.0,376.0,0
2026-08-07 11:00:00+07:00,373.0,373.0,373.0,372.0,372.0,497581
2026-08-07 12:00:00+07:00,373.0,373.0,373.0,372.0,372.0,239087
2026-08-07 13:00:00+07:00,372.0,372.0,373.0,372.0,373.0,74872
2026-08-07 14:00:00+07:00,371.0,371.0,373.0,371.0,372.0,1259661
2026-08-07 15:00:00+07:00,374.0,374.0,374.0,371.0,372.0,1523304
2026-08-07 16:00:00+07:00,374.0,374.0,375.0,373.0,374.0,956585
2026-08-10 10:00:00+07:00,374.0,374.0,376.0,373.0,375.0,0
2026-08-10 11:00:00+07:00,373.0,373.0,374.0,372.0,374.0,700199
2026-08-10 12:00:00+07:00,373.0,373.0,373.0,372.0,373.0,123024
2026-08-10 13:00:00+07:00,372.0,372.0,373.0,372.0,373.0,42700
2026-08-10 14:00:00+07:00,373.0,373.0,374.0,372.0,373.0,498974
2026-08-10 15:00:00+07:00,373.0,373.0,374.0,372.0,374.0,330110
2026-08-10 16:00:00+07:00,373.0,373.0,373.0,372.0,372.0,558772
2026-08-11 10:00:00+07:00,374.0,374.0,375.0,373.0,373.0,1400599
2026-08-11 11:00:00+07:00,374.0,374.0,375.0,373.0,374.0,770451
2026-08-11 12:00:00+07:00,374.0,374.0,374.0,373.0,374.0,96346
2026-08-11 13:00:00+07:00,373.0,373.0,374.0,372.0,373.0,566827
2026-08-11 14:00:00+07:00,375.0,375.0,375.0,373.0,373.0,422871
2026-08-11 15:00:00+07:00,375.0,375.0,375.0,374.0,375.0,568555
2026-08-11 16:00:00+07:00,373.0,373.0,375.0,373.0,375.0,429710
2026-08-13 10:00:00+07:00,374.0,374.0,375.0,373.0,374.0,0
2026-08-13 11:00:00+07:00,372.0,372.0,374.0,372.0,374.0,563519
2026-08-13 12:00:00+07:00,371.0,371.0,373.0,371.0,372.0,563903
2026-08-13 13:00:00+07:00,371.0,371.0,372.0,371.0,371.0,204192
2026-08-13 14:00:00+07:00,369.0,369.0,372.0,369.0,371.0,1741402
2026-08-13 15:00:00+07:00,371.0,371.0,371.0,369.0,369.0,626838
2026-08-13 16:00:00+07:00,370.0,370.0,371.0,369.0,370.0,1324619
2026-08-14 10:00:00+07:00,373.0,373.0,373.0,371.0,371.0,0
2026-08-14 11:00:00+07:00,372.0,372.0,373.0,371.0,372.0,347215
2026-08-14 12:00:00+07:00,372.0,372.0,372.0,371.0,372.0,390227
2026-08-14 13:00:00+07:00,372.0,372.0,372.0,372.0,372.0,49700
2026-08-14 14:00:00+07:00,372.0,372.0,372.0,371.0,372.0,356382
2026-08-14 15:00:00+07:00,371.0,371.0,372.0,370.0,371.0,462751
2026-08-14 16:00:00+07:00,371.0,371.0,372.0,370.0,371.0,470348
2026-08-17 10:00:00+07:00,372.0,372.0,373.0,371.0,372.0,921391
2026-08-17 11:00:00+07:00,371.0,371.0,372.0,371.0,372.0,90057
2026-08-17 12:00:00+07:00,372.0,372.0,372.0,371.0,372.0,180545
2026-08-17 13:00:00+07:00,372.0,372.0,372.0,371.0,371.0,103326
2026-08-17 14:00:00+07:00,372.0,372.0,373.0,371.0,371.0,635069
2026-08-17 15:00:00+07:00,372.0,372.0,373.0,371.0,372.0,864088
2026-08-17 16:00:00+07:00,372.0,372.0,372.0,371.0,371.0,147315
2026-08-18 10:00:00+07:00,371.0,371.0,372.0,370.0,372.0,860814
2026-08-18 11:00:00+07:00,372.0,372.0,373.0,370.0,371.0,1361691
2026-08-18 12:00:00+07:00,374.0,374.0,374.0,372.0,372.0,864553
2026-08-18 13:00:00+07:00,373.0,373.0,373.0,372.0,373.0,151300
2026-08-18 14:00:00+07:00,373.0,373.0,373.0,372.0,372.0,346422
2026-08-18 15:00:00+07:00,373.0,373.0,373.0,371.0,372.0,1462462
2026-08-18 16:00:00+07:00,372.0,372.0,373.0,371.0,373.0,1281429
2026-08-19 10:00:00+07:00,364.0,364.0,366.0,363.0,365.0,3556786
2026-08-19 11:00:00+07:00,363.0,363.0,364.0,362.0,364.0,1149457
2026-08-19 12:00:00+07:00,363.0,363.0,363.0,362.0,363.0,581374
2026-08-19 13:00:00+07:00,363.0,363.0,363.0,362.0,363.0,111111
2026-08-19 14:00:00+07:00,362.0,362.0,363.0,362.0,363.0,435729
2026-08-19 15:00:00+07:00,363.0,363.0,363.0,362.0,363.0,278398
2026-08-19 16:00:00+07:00,363.0,363.0,363.0,362.0,363.0,402600
2026-08-20 10:00:00+07:00,361.0,361.0,364.0,361.0,364.0,758854
2026-08-20 11:00:00+07:00,362.0,362.0,362.0,361.0,362.0,241676
2026-08-20 12:00:00+07:00,360.0,360.0,362.0,360.0,361.0,829475
2026-08-20 13:00:00+07:00,360.0,360.0,361.0,360.0,360.0,653687
2026-08-20 14:00:00+07:00,360.0,360.0,361.0,359.0,361.0,454048
2026-08-20 15:00:00+07:00,359.0,359.0,360.0,357.0,359.0,2131085
2026-08-20 16:00:00+07:00,359.0,359.0,359.0,358.0,359.0,277005
2026-08-21 10:00:00+07:00,360.0,360.0,361.0,360.0,361.0,743592
2026-08-21 11:00:00+07:00,360.0,360.0,361.0,360.0,360.0,226366
2026-08-21 12:00:00+07:00,361.0,361.0,361.0,360.0,360.0,148609
2026-08-21 13:00:00+07:00,360.0,360.0,361.0,360.0,360.0,82730
2026-08-21 14:00:00+07:00,361.0,361.0,361.0,360.0,360.0,416873
2026-08-21 15:00:00+07:00,360.0,360.0,361.0,360.0,360.0,272395
2026-08-21 16:00:00+07:00,360.0,360.0,361.0,360.0,360.0,245408
2026-08-24 10:00:00+07:00,359.0,359.0,361.0,357.0,361.0,0
2026-08-24 11:00:00+07:00,360.0,360.0,360.0,358.0,359.0,369407
2026-08-24 12:00:00+07:00,359.0,359.0,360.0,359.0,359.0,210957
2026-08-24 13:00:00+07:00,359.0,359.0,360.0,359.0,359.0,39900
2026-08-24 14:00:00+07:00,359.0,359.0,360.0,359.0,359.0,134990
2026-08-24 15:00:00+07:00,359.0,359.0,360.0,359.0,359.0,166449
2026-08-24 16:00:00+07:00,359.0,359.0,360.0,359.0,359.0,110517
2026-08-25 10:00:00+07:00,361.0,361.0,361.0,359.0,360.0,0
2026-08-25 11:00:00+07:00,360.0,360.0,361.0,360.0,361.0,126436
2026-08-25 12:00:00+07:00,361.0,361.0,361.0,360.0,361.0,103840
2026-08-25 13:00:00+07:00,360.0,360.0,361.0,360.0,361.0,173713
2026-08-25 14:00:00+07:00,362.0,362.0,362.0,360.0,361.0,228019
2026-08-25 15:00:00+07:00,361.0,361.0,362.0,361.0,361.0,169189
2026-08-25 16:00:00+07:00,361.0,361.0,362.0,361.0,361.0,312379
2026-08-26 10:00:00+07:00,358.0,358.0,361.0,358.0,360.0,826387
2026-08-26 11:00:00+07:00,358.0,358.0,359.0,357.0,358.0,1191422
2026-08-26 12:00:00+07:00,358.0,358.0,359.0,358.0,359.0,163158
2026-08-26 13:00:00+07:00,358.0,358.0,359.0,358.0,358.0,119825
2026-08-26 14:00:00+07:00,357.0,357.0,358.0,357.0,358.0,689674
2026-08-26 15:00:00+07:00,357.0,357.0,358.0,357.0,358.0,656977
2026-08-26 16:00:00+07:00,357.0,357.0,358.0,356.0,358.0,1052729
2026-08-27 10:00:00+07:00,356.0,356.0,358.0,353.0,356.0,0
2026-08-27 11:00:00+07:00,357.0,357.0,357.0,355.0,356.0,777270
2026-08-27 12:00:00+07:00,357.0,357.0,357.0,356.0,356.0,129808
2026-08-27 13:00:00+07:00,356.0,356.0,357.0,356.0,357.0,119307
2026-08-27 14:00:00+07:00,357.0,357.0,357.0,356.0,356.0,544259
2026-08-27 15:00:00+07:00,357.0,357.0,357.0,356.0,357.0,313120
2026-08-27 16:00:00+07:00,356.0,356.0,357.0,355.0,356.0,542881
2026-08-28 10:00:00+07:00,352.0,352.0,354.0,351.0,353.0,0
2026-08-28 11:00:00+07:00,353.0,353.0,353.0,351.0,352.0,801622
2026-08-28 12:00:00+07:00,352.0,352.0,353.0,351.0,352.0,449797
2026-08-28 13:00:00+07:00,352.0,352.0,352.0,351.0,352.0,44329
2026-08-28 14:00:00+07:00,353.0,353.0,353.0,351.0,351.0,931771
2026-08-28 15:00:00+07:00,351.0,351.0,353.0,351.0,353.0,282448
2026-08-28 16:00:00+07:00,352.0,352.0,353.0,351.0,352.0,593892
2026-08-31 10:00:00+07:00,353.0,353.0,353.0,350.0,351.0,0
2026-08-31 11:00:00+07:00,353.0,353.0,353.0,352.0,352.0,171535
2026-08-31 12:00:00+07:00,353.0,353.0,353.0,352.0,352.0,77393
2026-08-31 13:00:00+07:00,352.0,352.0,353.0,352.0,353.0,46839
2026-08-31 14:00:00+07:00,355.0,355.0,356.0,352.0,352.0,1027779
2026-08-31 15:00:00+07:00,357.0,357.0,357.0,355.0,355.0,425923
2026-08-31 16:00:00+07:00,356.0,356.0,357.0,355.0,357.0,884396
2026-09-01 10:00:00+07:00,356.0,356.0,357.0,354.0,356.0,0
2026-09-01 11:00:00+07:00,355.0,355.0,357.0,355.0,356.0,214761
2026-09-01 12:00:00+07:00,355.0,355.0,356.0,354.0,356.0,293541
2026-09-01 13:00:00+07:00,355.0,355.0,355.0,354.0,355.0,34885
2026-09-01 14:00:00+07:00,354.0,354.0,355.0,354.0,355.0,322474
2026-09-01 15:00:00+07:00,353.0,353.0,355.0,353.0,354.0,444942
2026-09-01 16:00:00+07:00,353.0,353.0,354.0,352.0,354.0,687002
2026-09-02 10:00:00+07:00,350.0,350.0,353.0,350.0,353.0,0
2026-09-02 11:00:00+07:00,350.0,350.0,351.0,350.0,350.0,291108
2026-09-02 12:00:00+07:00,350.0,350.0,351.0,350.0,350.0,86175
2026-09-02 13:00:00+07:00,350.0,350.0,350.0,350.0,350.0,39999
2026-09-02 14:00:00+07:00,351.0,351.0,351.0,350.0,351.0,171974
2026-09-02 15:00:00+07:00,349.0,349.0,351.0,349.0,350.0,1908165
2026-09-02 16:00:00+07:00,349.0,349.0,350.0,348.0,349.0,695257
2026-09-03 10:00:00+07:00,348.0,348.0,351.0,348.0,350.0,0
2026-09-03 11:00:00+07:00,348.0,348.0,349.0,348.0,348.0,342945
2026-09-03 12:00:00+07:00,345.0,345.0,349.0,345.0,348.0,1074202
2026-09-03 13:00:00+07:00,345.0,345.0,346.0,345.0,345.0,554187
2026-09-03 14:00:00+07:00,345.0,345.0,346.0,345.0,345.0,432876
2026-09-03 15:00:00+07:00,345.0,345.0,346.0,344.0,345.0,2406269
2026-09-03 16:00:00+07:00,344.0,344.0,345.0,344.0,345.0,454530
2026-09-04 10:00:00+07:00,345.0,345.0,348.0,345.0,347.0,640681
2026-09-04 11:00:00+07:00,348.0,348.0,348.0,345.0,345.0,654247
2026-09-04 12:00:00+07:00,347.0,347.0,349.0,347.0,348.0,583651
2026-09-04 13:00:00+07:00,347.0,347.0,348.0,347.0,348.0,162637
2026-09-04 14:00:00+07:00,348.0,348.0,348.0,347.0,347.0,117270
2026-09-04 15:00:00+07:00,347.0,347.0,348.0,347.0,348.0,138622
2026-09-04 16:00:00+07:00,347.0,347.0,348.0,347.0,347.0,256482
2026-09-07 10:00:00+07:00,355.0,355.0,356.0,349.0,350.0,0
2026-09-07 11:00:00+07:00,355.0,355.0,356.0,354.0,355.0,413263
2026-09-07 12:00:00+07:00,355.0,355.0,356.0,355.0,355.0,196736
2026-09-07 13:00:00+07:00,356.0,356.0,356.0,355.0,356.0,62025
2026-09-07 14:00:00+07:00,355.0,355.0,356.0,354.0,356.0,297338
2026-09-07 15:00:00+07:00,355.0,355.0,356.0,354.0,354.0,1159117
2026-09-07 16:00:00+07:00,356.0,356.0,356.0,355.0,355.0,158805
2026-09-08 10:00:00+07:00,351.0,351.0,357.0,351.0,357.0,1928943
2026-09-08 11:00:00+07:00,350.0,350.0,352.0,350.0,351.0,643178
2026-09-08 12:00:00+07:00,352.0,352.0,352.0,350.0,350.0,415638
2026-09-08 13:00:00+07:00,351.0,351.0,351.0,350.0,351.0,389153
2026-09-08 14:00:00+07:00,352.0,352.0,352.0,350.0,351.0,660706
2026-09-08 15:00:00+07:00,351.0,351.0,352.0,350.0,352.0,1100180
2026-09-08 16:00:00+07:00,351.0,351.0,352.0,350.0,351.0,698833
2026-09-09 10:00:00+07:00,355.0,355.0,357.0,355.0,355.0,0
2026-09-09 11:00:00+07:00,354.0,354.0,356.0,354.0,356.0,522327
2026-09-09 12:00:00+07:00,355.0,355.0,355.0,353.0,354.0,596240
2026-09-09 13:00:00+07:00,354.0,354.0,354.0,354.0,354.0,43300
2026-09-09 14:00:00+07:00,355.0,355.0,355.0,354.0,354.0,696129
2026-09-09 15:00:00+07:00,355.0,355.0,356.0,354.0,354.0,592838
2026-09-09 16:00:00+07:00,355.0,355.0,356.0,355.0,355.0,303882
2026-09-10 10:00:00+07:00,354.0,354.0,355.0,353.0,353.0,0
2026-09-10 11:00:00+07:00,355.0,355.0,355.0,354.0,355.0,432176
2026-09-10 12:00:00+07:00,356.0,356.0,356.0,354.0,355.0,488873
2026-09-10 13:00:00+07:00,355.0,355.0,356.0,355.0,355.0,65306
2026-09-10 14:00:00+07:00,355.0,355.0,356.0,355.0,355.0,663189
2026-09-10 15:00:00+07:00,357.0,357.0,357.0,355.0,355.0,2184211
2026-09-10 16:00:00+07:00,356.0,356.0,357.0,355.0,357.0,278570
2026-09-11 10:00:00+07:00,355.0,355.0,355.0,353.0,355.0,1115609
2026-09-11 11:00:00+07:00,354.0,354.0,355.0,354.0,355.0,127378
2026-09-11 12:00:00+07:00,354.0,354.0,355.0,354.0,354.0,96860
2026-09-11 13:00:00+07:00,355.0,355.0,355.0,354.0,355.0,44967
2026-09-11 14:00:00+07:00,355.0,355.0,355.0,354.0,355.0,156261
2026-09-11 15:00:00+07:00,355.0,355.0,355.0,354.0,354.0,148869
2026-09-11 16:00:00+07:00,356.0,356.0,356.0,354.0,355.0,553159
2026-09-14 10:00:00+07:00,354.0,354.0,355.0,351.0,353.0,0
2026-09-14 11:00:00+07:00,355.0,355.0,357.0,354.0,354.0,2509871
2026-09-14 12:00:00+07:00,356.0,356.0,356.0,355.0,355.0,112409
2026-09-14 13:00:00+07:00,355.0,355.0,356.0,355.0,355.0,61685
2026-09-14 14:00:00+07:00,355.0,355.0,356.0,355.0,355.0,156755
2026-09-14 15:00:00+07:00,356.0,356.0,356.0,355.0,355.0,195901
2026-09-14 16:00:00+07:00,354.0,354.0,356.0,354.0,355.0,175922
2026-09-15 10:00:00+07:00,355.0,355.0,357.0,354.0,354.0,0
2026-09-15 11:00:00+07:00,354.0,354.0,355.0,354.0,355.0,406600
2026-09-15 12:00:00+07:00,354.0,354.0,355.0,354.0,354.0,117414
2026-09-15 13:00:00+07:00,354.0,354.0,355.0,354.0,354.0,119302
2026-09-15 14:00:00+07:00,354.0,354.0,355.0,354.0,354.0,187473
2026-09-15 15:00:00+07:00,354.0,354.0,354.0,353.0,354.0,318600
2026-09-15 16:00:00+07:00,354.0,354.0,354.0,353.0,353.0,276422
2026-09-16 10:00:00+07:00,347.0,347.0,353.0,346.0,353.0,145010
2026-09-16 11:00:00+07:00,346.0,346.0,347.0,346.0,346.0,792485
2026-09-16 12:00:00+07:00,347.0,347.0,347.0,346.0,346.0,145740
2026-09-16 13:00:00+07:00,346.0,346.0,347.0,346.0,346.0,110956
2026-09-16 14:00:00+07:00,346.0,346.0,347.0,345.0,346.0,1023134
2026-09-16 15:00:00+07:00,340.0,340.0,346.0,340.0,346.0,3936189
2026-09-16 16:00:00+07:00,341.0,341.0,342.0,340.0,341.0,1028885
2026-09-17 10:00:00+07:00,347.0,347.0,350.0,346.0,346.0,0
2026-09-17 11:00:00+07:00,347.0,347.0,347.0,346.0,347.0,400554
2026-09-17 12:00:00+07:00,348.0,348.0,348.0,346.0,347.0,191037
2026-09-17 13:00:00+07:00,348.0,348.0,348.0,347.0,348.0,49303
2026-09-17 14:00:00+07:00,348.0,348.0,349.0,347.0,347.0,357323
2026-09-17 15:00:00+07:00,349.0,349.0,349.0,347.0,348.0,436503
2026-09-17 16:00:00+07:00,348.0,348.0,349.0,348.0,349.0,299015
2026-09-18 10:00:00+07:00,348.0,348.0,350.0,347.0,349.0,0
2026-09-18 11:00:00+07:00,347.0,347.0,348.0,347.0,348.0,162168
2026-09-18 12:00:00+07:00,347.0,347.0,348.0,347.0,348.0,200069
2026-09-18 13:00:00+07:00,348.0,348.0,348.0,347.0,347.0,79119
2026-09-18 14:00:00+07:00,347.0,347.0,348.0,346.0,348.0,259320
2026-09-18 15:00:00+07:00,347.0,347.0,347.0,346.0,347.0,383466
2026-09-18 16:00:00+07:00,345.0,345.0,347.0,345.0,346.0,398881
2026-09-21 10:00:00+07:00,347.0,347.0,349.0,346.0,348.0,1103524
2026-09-21 11:00:00+07:00,346.0,346.0,347.0,346.0,347.0,199498
2026-09-21 12:00:00+07:00,347.0,347.0,347.0,346.0,347.0,244367
2026-09-21 13:00:00+07:00,347.0,347.0,348.0,347.0,347.0,28101
2026-09-21 14:00:00+07:00,347.0,347.0,347.0,346.0,347.0,359666
2026-09-21 15:00:00+07:00,348.0,348.0,348.0,346.0,347.0,843408
2026-09-21 16:00:00+07:00,347.0,347.0,348.0,346.0,347.0,394674
2026-09-22 10:00:00+07:00,350.0,350.0,351.0,348.0,348.0,0
2026-09-22 11:00:00+07:00,350.0,350.0,350.0,349.0,349.0,407479
2026-09-22 12:00:00+07:00,349.0,349.0,350.0,349.0,349.0,206147
2026-09-22 13:00:00+07:00,349.0,349.0,350.0,349.0,350.0,48800
2026-09-22 14:00:00+07:00,350.0,350.0,350.0,349.0,349.0,328809
2026-09-22 15:00:00+07:00,351.0,351.0,351.0,349.0,350.0,1026063
2026-09-22 16:00:00+07:00,351.0,351.0,351.0,350.0,351.0,345934
2026-09-23 10:00:00+07:00,347.0,347.0,349.0,345.0,349.0,1460257
2026-09-23 11:00:00+07:00,348.0,348.0,349.0,347.0,347.0,651779
2026-09-23 12:00:00+07:00,349.0,349.0,349.0,347.0,348.0,181092
2026-09-23 13:00:00+07:00,348.0,348.0,349.0,348.0,348.0,40564
2026-09-23 14:00:00+07:00,348.0,348.0,348.0,347.0,348.0,291297
2026-09-23 15:00:00+07:00,348.0,348.0,349.0,347.0,348.0,566690
2026-09-23 16:00:00+07:00,348.0,348.0,348.0,347.0,348.0,324502
2026-09-24 10:00:00+07:00,345.0,345.0,347.0,343.0,346.0,2847605
2026-09-24 11:00:00+07:00,344.0,344.0,345.0,343.0,344.0,1399724
2026-09-24 12:00:00+07:00,344.0,344.0,345.0,344.0,344.0,167293
2026-09-24 13:00:00+07:00,344.0,344.0,344.0,343.0,344.0,352506
2026-09-24 14:00:00+07:00,343.0,343.0,345.0,343.0,343.0,2054724
2026-09-24 15:00:00+07:00,344.0,344.0,345.0,343.0,343.0,517746
2026-09-24 16:00:00+07:00,344.0,344.0,345.0,344.0,344.0,193969
2026-09-25 10:00:00+07:00,346.0,346.0,346.0,343.0,344.0,1204304
2026-09-25 11:00:00+07:00,347.0,347.0,347.0,345.0,345.0,536972
2026-09-25 12:00:00+07:00,347.0,347.0,348.0,346.0,347.0,508407
2026-09-25 13:00:00+07:00,347.0,347.0,347.0,347.0,347.0,78755
2026-09-25 14:00:00+07:00,347.0,347.0,347.0,346.0,347.0,533601
2026-09-25 15:00:00+07:00,347.0,347.0,347.0,346.0,347.0,483682
2026-09-25 16:00:00+07:00,347.0,347.0,347.0,346.0,347.0,303173
2026-09-28 10:00:00+07:00,348.0,348.0,349.0,346.0,347.0,1248805
2026-09-28 11:00:00+07:00,349.0,349.0,349.0,347.0,349.0,588096
2026-09-28 12:00:00+07:00,349.0,349.0,349.0,348.0,349.0,136024
2026-09-28 13:00:00+07:00,348.0,348.0,348.0,348.0,348.0,186000
2026-09-28 14:00:00+07:00,347.0,347.0,348.0,347.0,348.0,234448
2026-09-28 15:00:00+07:00,348.0,348.0,349.0,347.0,348.0,667473
2026-09-28 16:00:00+07:00,348.0,348.0,348.0,347.0,348.0,104081
2026-09-29 10:00:00+07:00,350.0,350.0,351.0,347.0,348.0,0
2026-09-29 11:00:00+07:00,350.0,350.0,351.0,349.0,350.0,900354
2026-09-29 12:00:00+07:00,351.0,351.0,351.0,350.0,351.0,217239
2026-09-29 13:00:00+07:00,352.0,352.0,352.0,351.0,351.0,385009
2026-09-29 14:00:00+07:00,349.0,349.0,352.0,349.0,352.0,1217478
2026-09-29 15:00:00+07:00,349.0,349.0,350.0,349.0,349.0,739669
2026-09-29 16:00:00+07:00,350.0,350.0,350.0,349.0,350.0,1912364
2026-09-30 10:00:00+07:00,345.0,345.0,349.0,345.0,349.0,2347706
2026-09-30 11:00:00+07:00,346.0,346.0,347.0,345.0,346.0,1063508
2026-09-30 12:00:00+07:00,344.0,344.0,346.0,344.0,345.0,428668
2026-09-30 13:00:00+07:00,345.0,345.0,345.0,344.0,344.0,81116
2026-09-30 14:00:00+07:00,344.0,344.0,345.0,343.0,345.0,1568460
2026-09-30 15:00:00+07:00,344.0,344.0,345.0,343.0,344.0,738432
